Player,From,To,Yrs,G,MP,FG,FGA,3P,3PA,FT,FTA,ORB,TRB,AST,STL,BLK,TOV,PF,PTS,FG%,3P%,FT%,MP,PTS,TRB,AST,STL,BLK,Nationality,Height,Weight,Positions
Shareef Abdur-Rahim,2002,2004,3,211,8023,1547,3270,47,153,1168,1398,514,1868,608,229,138,593,601,4309,.473,.307,.835,38.0,20.4,8.9,2.9,1.1,0.7,N/A,N/A,N/A,
Don Adams,1972,1973,2,74,2106,315,817,,,211,281,,516,142,,,,270,841,.386,,.751,28.5,11.4,7.0,1.9,,,N/A,"6-6,210lb(198cm,","6-6,210lb(198cm,","SF, F"
Jaylen Adams,2019,2019,1,34,428,38,110,25,74,7,9,11,60,65,14,5,28,45,108,.345,.338,.778,12.6,3.2,1.8,1.9,0.4,0.1,N/A,"6-0,225lb(183cm,","6-0,225lb(183cm,","PG, G"
Derrick Alston,1997,1997,1,2,11,0,5,0,0,0,2,3,4,0,0,0,0,0,0,.000,,.000,5.5,0.0,2.0,0.0,0.0,0.0,N/A,N/A,N/A,
Greg Anderson,1995,1998,2,101,1020,93,185,0,5,50,112,101,306,32,42,42,49,188,236,.503,.000,.446,10.1,2.3,3.0,0.3,0.4,0.4,N/A,"6-10,230lb(208cm,","6-10,230lb(208cm,","PF, C, F"
Justin Anderson,2019,2019,1,48,463,64,157,24,77,26,35,24,84,23,22,13,23,48,178,.408,.312,.743,9.6,3.7,1.8,0.5,0.5,0.3,N/A,"6-6,230lb(198cm,","6-6,230lb(198cm,","SG, SF, F, G"
Kenny Anderson,2005,2005,1,39,717,81,190,6,13,27,37,23,83,98,33,0,46,81,195,.426,.462,.730,18.4,5.0,2.1,2.5,0.8,0.0,N/A,"6-1,168lb(185cm,","6-1,168lb(185cm,","PG, G"
Pero AntiÄ,2014,2015,2,113,1962,231,590,108,344,138,189,115,398,107,37,26,104,258,708,.392,.314,.730,17.4,6.3,3.5,0.9,0.3,0.2,N/A,"6-11,260lb(211cm,","6-11,260lb(211cm,",C
Stacey Arceneaux,1962,1962,1,7,110,22,56,,,6,13,,32,4,,,,10,50,.393,,.462,15.7,7.1,4.6,0.6,,,N/A,"6-4,210lb(193cm,","6-4,210lb(193cm,",F
Hilton Armstrong,2011,2011,1,12,76,6,12,1,1,2,10,3,17,4,3,5,3,9,15,.500,1.000,.200,6.3,1.3,1.4,0.3,0.3,0.4,N/A,N/A,N/A,
Stacey Augmon,1992,1996,5,390,11878,2035,4166,10,47,1276,1726,804,1773,892,570,168,775,832,5356,.488,.213,.739,30.5,13.7,4.5,2.3,1.5,0.4,N/A,"6-8,205lb(203cm,","6-8,205lb(203cm,","SG, SF, F, G"
Gustavo AyÃ³n,2014,2014,1,26,429,52,102,0,0,8,20,42,125,28,25,10,29,47,112,.510,,.400,16.5,4.3,4.8,1.1,1.0,0.4,N/A,N/A,N/A,
Luke Babbitt,2018,2018,1,37,570,80,168,49,111,17,22,5,81,26,7,5,15,47,226,.476,.441,.773,15.4,6.1,2.2,0.7,0.2,0.1,N/A,N/A,N/A,
John Bagley,1994,1994,1,3,13,0,2,0,0,2,2,0,1,3,0,0,0,2,2,.000,,1.000,4.3,0.7,0.3,1.0,0.0,0.0,N/A,"6-0,185lb(183cm,","6-0,185lb(183cm,","PG, G"
Cat Barber,2022,2022,1,3,13,0,4,0,0,0,4,1,3,3,0,0,1,1,0,.000,,.000,4.3,0.0,1.0,1.0,0.0,0.0,N/A,"6-2,190lb(188cm,","6-2,190lb(188cm,","PG, G"
John Barber,1957,1957,1,5,19,2,8,,,3,6,,6,0,,,,4,7,.250,,.500,3.8,1.4,1.2,0.0,,,N/A,N/A,N/A,
Tom Barker,1977,1977,1,59,1354,182,436,,,112,164,111,401,60,33,41,,223,476,.417,,.683,22.9,8.1,6.8,1.0,0.6,0.7,N/A,N/A,N/A,
Dominick Barlow,2025,2025,1,2,11,0,1,0,0,1,2,0,0,0,0,0,0,1,1,.000,,.500,5.5,0.5,0.0,0.0,0.0,0.0,N/A,N/A,N/A,
John Barnhill,1963,1966,4,223,5527,793,1898,,,350,526,,698,626,,,,389,1936,.418,,.665,24.8,8.7,3.1,2.8,,,N/A,"6-1,180lb(185cm,","6-1,180lb(185cm,","PG, SG, G"
Drew Barry,1998,2000,2,35,330,24,53,13,30,14,16,5,39,65,10,1,37,37,75,.453,.433,.875,9.4,2.1,1.1,1.9,0.3,0.0,N/A,N/A,N/A,
Jon Barry,1997,2005,2,74,1240,131,323,59,156,47,59,30,120,143,69,5,73,84,368,.406,.378,.797,16.8,5.0,1.6,1.9,0.9,0.1,N/A,"6-4,195lb(193cm,","6-4,195lb(193cm,","SG, G"
Esteban Batista,2006,2007,2,70,576,42,96,0,1,37,60,68,174,11,18,11,42,124,121,.438,.000,.617,8.2,1.7,2.5,0.2,0.3,0.2,N/A,"6-10,270lb(208cm,","6-10,270lb(208cm,","PF, F"
John Battle,1986,1991,6,416,7682,1482,3184,43,154,875,1106,145,633,924,198,31,488,625,3882,.465,.279,.791,18.5,9.3,1.5,2.2,0.5,0.1,N/A,"6-2,175lb(188cm,","6-2,175lb(188cm,","SG, G"
Sergei Bazarevich,1995,1995,1,10,74,11,22,1,6,7,9,1,7,14,1,1,7,10,30,.500,.167,.778,7.4,3.0,0.7,1.4,0.1,0.1,N/A,N/A,N/A,
Kent Bazemore,2015,2019,5,355,8802,1318,3144,453,1277,589,795,156,1341,806,430,210,614,785,3678,.419,.355,.741,24.8,10.4,3.8,2.3,1.2,0.6,N/A,N/A,N/A,
Ed Beach,1951,1951,1,1,,0,3,,,0,0,,0,1,,,,0,0,.000,,,,0.0,0.0,1.0,,,N/A,N/A,N/A,
Butch Beard,1970,1970,1,72,941,183,392,,,135,163,,140,121,,,,124,501,.467,,.828,13.1,7.0,1.9,1.7,,,N/A,N/A,N/A,
Zelmo Beaty,1963,1969,7,501,17135,3260,6927,,,2207,2952,,5622,765,,,,2002,8727,.471,,.748,34.2,17.4,11.2,1.5,,,N/A,N/A,N/A,
Ernie Beck,1961,1961,1,7,62,7,21,,,5,5,,12,13,,,,6,19,.333,,1.000,8.9,2.7,1.7,1.9,,,N/A,N/A,N/A,
Ron Behagen,1978,1978,1,26,571,117,249,,,51,70,53,173,34,30,12,58,97,285,.470,,.729,22.0,11.0,6.7,1.3,1.2,0.5,N/A,N/A,N/A,
Elmer Behnke,1952,1952,1,4,55,6,22,,,4,7,,17,4,,,,13,16,.273,,.571,13.8,4.0,4.3,1.0,,,N/A,N/A,N/A,
Marco Belinelli,2018,2018,1,52,1210,199,485,92,247,101,109,14,100,103,46,3,54,41,591,.410,.372,.927,23.3,11.4,1.9,2.0,0.9,0.1,N/A,N/A,N/A,
Walt Bellamy,1970,1974,5,338,12192,2011,3957,,,1267,2170,264,4123,948,52,48,,1099,5289,.508,,.584,36.1,15.6,12.2,2.8,0.7,0.6,N/A,N/A,N/A,
DeAndre' Bembry,2017,2020,4,189,3672,479,1070,77,286,138,233,110,641,360,189,77,265,333,1173,.448,.269,.592,19.4,6.2,3.4,1.9,1.0,0.4,N/A,N/A,N/A,
Irv Bemoras,1954,1957,2,131,2479,309,890,,,209,311,,341,125,,,,228,827,.347,,.672,18.9,6.3,2.6,1.0,,,N/A,N/A,N/A,
Corey Benjamin,2003,2003,1,9,152,13,43,2,13,12,16,10,31,10,1,2,6,20,40,.302,.154,.750,16.9,4.4,3.4,1.1,0.1,0.2,N/A,N/A,N/A,
Gene Berce,1950,1950,1,3,,5,16,,,0,5,,,2,,,,6,10,.313,,.000,,3.3,,0.7,,,N/A,N/A,N/A,
Saddiq Bey,2023,2024,2,88,2691,398,927,163,483,195,232,206,531,126,71,12,71,125,1154,.429,.337,.841,30.6,13.1,6.0,1.4,0.8,0.1,N/A,N/A,N/A,
Mike Bibby,2008,2011,4,248,7709,1067,2501,475,1195,287,365,78,709,1119,238,22,367,490,2896,.427,.397,.786,31.1,11.7,2.9,4.5,1.0,0.1,N/A,N/A,N/A,
Charlie Black,1952,1952,1,13,117,6,31,,,5,12,,31,9,,,,31,17,.194,,.417,9.0,1.3,2.4,0.7,,,N/A,N/A,N/A,
Mookie Blaylock,1993,1999,7,518,19216,2938,7112,1050,3023,817,1111,673,2407,3764,1321,160,1289,939,7743,.413,.347,.735,37.1,14.9,4.6,7.3,2.6,0.3,N/A,N/A,N/A,
Bogdan BogdanoviÄ,2021,2025,5,241,7090,1355,3076,703,1799,354,402,125,849,740,256,73,303,499,3767,.441,.391,.881,29.4,15.6,3.5,3.1,1.1,0.3,N/A,N/A,N/A,
Don Boven,1952,1953,2,93,2649,287,887,,,323,457,,434,212,,,,373,897,.324,,.707,28.5,9.6,4.7,2.3,,,N/A,N/A,N/A,
Cal Bowdler,2000,2002,3,142,1383,163,403,2,11,96,125,90,272,29,42,45,43,155,424,.404,.182,.768,9.7,3.0,1.9,0.2,0.3,0.3,N/A,N/A,N/A,
Ira Bowman,2001,2001,1,3,19,0,2,0,0,0,0,1,2,7,0,0,1,0,0,.000,,,6.3,0.0,0.7,2.3,0.0,0.0,N/A,N/A,N/A,
Donnie Boyce,1996,1997,2,30,195,30,86,6,24,13,26,12,25,16,13,5,22,19,79,.349,.250,.500,6.5,2.6,0.8,0.5,0.4,0.2,N/A,N/A,N/A,
Harry Boykoff,1951,1951,1,16,,48,133,,,29,37,,85,20,,,,67,125,.361,,.784,,7.8,5.3,1.3,,,N/A,N/A,N/A,
Cedric Bozeman,2007,2007,1,23,199,11,39,2,13,2,6,3,23,9,5,2,9,32,26,.282,.154,.333,8.7,1.1,1.0,0.4,0.2,0.1,N/A,N/A,N/A,
Steve Bracey,1973,1974,2,145,2513,433,915,,,142,206,26,253,356,60,5,,282,1008,.473,,.689,17.3,7.0,1.7,2.5,0.8,0.1,N/A,N/A,N/A,
Dudley Bradley,1989,1989,1,38,267,28,86,8,31,8,16,7,32,24,16,2,14,41,72,.326,.258,.500,7.0,1.9,0.8,0.6,0.4,0.1,N/A,N/A,N/A,
Michael Bradley,2004,2004,1,11,60,6,12,0,0,0,0,5,12,0,2,0,4,8,12,.500,,,5.5,1.1,1.1,0.0,0.2,0.0,N/A,N/A,N/A,
Elton Brand,2014,2015,2,109,1900,221,427,0,3,73,117,125,461,96,57,113,78,246,515,.518,.000,.624,17.4,4.7,4.2,0.9,0.5,1.0,N/A,N/A,N/A,
Jim Brasco,1953,1953,1,10,137,14,46,,,16,20,,9,9,,,,12,44,.304,,.800,13.7,4.4,0.9,0.9,,,N/A,N/A,N/A,
Randy Breuer,1993,1993,1,12,107,15,31,0,0,2,5,10,28,6,2,3,5,12,32,.484,,.400,8.9,2.7,2.3,0.5,0.2,0.3,N/A,N/A,N/A,
Frankie Brian,1951,1951,1,68,,363,1127,,,418,508,,244,266,,,,215,1144,.322,,.823,,16.8,3.6,3.9,,,N/A,N/A,N/A,
Bill Bridges,1963,1972,10,683,23574,3269,7490,,,2147,3099,,8656,1997,,,,2576,8685,.436,,.693,34.5,12.7,12.7,2.9,,,N/A,N/A,N/A,
Charlie Brown Jr.,2020,2020,1,10,40,6,19,3,9,5,5,2,4,2,2,2,3,3,20,.316,.333,1.000,4.0,2.0,0.4,0.2,0.2,0.2,N/A,N/A,N/A,
Chaundee Brown Jr.,2022,2022,1,3,83,9,25,6,15,5,6,1,14,4,2,0,0,7,29,.360,.400,.833,27.7,9.7,4.7,1.3,0.7,0.0,N/A,N/A,N/A,
Chucky Brown,1998,1998,1,77,1202,161,372,2,8,63,87,57,183,55,23,13,51,100,387,.433,.250,.724,15.6,5.0,2.4,0.7,0.3,0.2,N/A,N/A,N/A,
John Brown,1974,1980,6,405,8819,1196,2655,0,0,830,1070,736,1879,595,232,66,140,1265,3222,.450,,.776,21.8,8.0,4.6,1.5,0.6,0.2,N/A,N/A,N/A,
Rickey Brown,1983,1985,3,163,1904,221,497,0,1,112,173,178,492,63,42,50,126,324,554,.445,.000,.647,11.7,3.4,3.0,0.4,0.3,0.3,N/A,N/A,N/A,
NicolÃ¡s Brussino,2018,2018,1,4,10,0,2,0,2,0,0,0,3,0,0,0,0,0,0,.000,.000,,2.5,0.0,0.8,0.0,0.0,0.0,N/A,N/A,N/A,
Kobe Bufkin,2024,2024,1,17,196,34,92,9,40,4,8,6,33,27,7,5,10,20,81,.370,.225,.500,11.5,4.8,1.9,1.6,0.4,0.3,N/A,N/A,N/A,
Matt Bullard,1996,1996,1,46,460,66,162,26,72,16,20,18,60,18,17,11,24,50,174,.407,.361,.800,10.0,3.8,1.3,0.4,0.4,0.2,N/A,N/A,N/A,
Tom Burleson,1981,1981,1,31,363,41,99,0,0,20,41,44,94,12,8,19,24,73,102,.414,,.488,11.7,3.3,3.0,0.4,0.3,0.6,N/A,N/A,N/A,
Art Burris,1952,1952,1,12,269,24,81,,,19,27,,50,16,,,,30,67,.296,,.704,22.4,5.6,4.2,1.3,,,N/A,N/A,N/A,
Ed Burton,1965,1965,1,7,42,7,20,,,4,7,,13,2,,,,13,18,.350,,.571,6.0,2.6,1.9,0.3,,,N/A,N/A,N/A,
Willie Burton,1997,1997,1,24,380,39,116,13,46,57,68,11,41,11,8,3,26,55,148,.336,.283,.838,15.8,6.2,1.7,0.5,0.3,0.1,N/A,N/A,N/A,
Tommy Byrnes,1951,1951,1,19,,33,102,,,21,29,,33,32,,,,33,87,.324,,.724,,4.6,1.7,1.7,,,N/A,N/A,N/A,
Barney Cable,1962,1963,2,94,2025,330,748,,,117,185,,609,126,,,,242,777,.441,,.632,21.5,8.3,6.5,1.3,,,N/A,N/A,N/A,
JosÃ© CalderÃ³n,2017,2017,1,17,247,23,57,8,30,7,8,7,32,37,4,0,15,14,61,.404,.267,.875,14.5,3.6,1.9,2.2,0.2,0.0,N/A,N/A,N/A,
Joe Caldwell,1966,1970,5,369,11615,2525,5330,,,1022,1611,,1736,1074,,,,1064,6072,.474,,.634,31.5,16.5,4.7,2.9,,,N/A,N/A,N/A,
Bill Calhoun,1953,1955,3,190,6388,498,1504,,,559,775,,814,565,,,,448,1555,.331,,.721,33.6,8.2,4.3,3.0,,,N/A,N/A,N/A,
Clint Capela,2021,2025,5,287,7820,1544,2541,0,3,437,759,1202,3361,303,193,415,257,636,3525,.608,.000,.576,27.2,12.3,11.7,1.1,0.7,1.4,N/A,N/A,N/A,
Bob Carpenter,1951,1951,1,35,,82,211,,,58,70,,167,63,,,,79,222,.389,,.829,,6.3,4.8,1.8,,,N/A,N/A,N/A,
Antoine Carr,1985,1990,6,346,5922,1016,1969,4,18,543,694,405,1152,375,134,320,414,1037,2579,.516,.222,.782,17.1,7.5,3.3,1.1,0.4,0.9,N/A,N/A,N/A,
DeMarre Carroll,2014,2015,2,143,4530,620,1295,217,572,236,322,206,775,252,202,38,154,342,1693,.479,.379,.733,31.7,11.8,5.4,1.8,1.4,0.3,N/A,N/A,N/A,
Vince Carter,2019,2020,2,136,2206,303,772,184,518,70,95,49,318,135,67,52,81,231,860,.392,.355,.737,16.2,6.3,2.3,1.0,0.5,0.4,N/A,N/A,N/A,
Tyler Cavanaugh,2018,2018,1,39,518,67,152,32,89,17,21,45,127,27,9,4,14,61,183,.441,.360,.810,13.3,4.7,3.3,0.7,0.2,0.1,N/A,N/A,N/A,
Jerry Chambers,1971,1971,1,65,1168,237,526,,,106,134,,245,61,,,,119,580,.451,,.791,18.0,8.9,3.8,0.9,,,N/A,N/A,N/A,
John Chaney,1950,1950,1,6,,10,37,,,8,12,,,15,,,,13,28,.270,,.667,,4.7,,2.5,,,N/A,N/A,N/A,
Len Chappell,1971,1971,1,42,451,71,161,,,60,74,,133,16,,,,63,202,.441,,.811,10.7,4.8,3.2,0.4,,,N/A,N/A,N/A,
Ken Charles,1977,1978,2,103,3007,427,1039,,,247,306,47,192,377,166,50,37,293,1101,.411,,.807,29.2,10.7,1.9,3.7,1.6,0.5,N/A,N/A,N/A,
Lorenzo Charles,1986,1986,1,36,273,49,88,0,0,24,36,13,39,8,2,6,18,37,122,.557,,.667,7.6,3.4,1.1,0.2,0.1,0.2,N/A,N/A,N/A,
Maurice Cheeks,1992,1992,1,56,1086,115,249,3,6,26,43,29,95,185,83,0,36,73,259,.462,.500,.605,19.4,4.6,1.7,3.3,1.5,0.0,N/A,N/A,N/A,
Josh Childress,2005,2008,4,285,8923,1168,2237,93,258,733,917,626,1582,526,289,153,385,615,3162,.522,.360,.799,31.3,11.1,5.6,1.8,1.0,0.5,N/A,N/A,N/A,
Cal Christensen,1951,1952,2,91,374,163,541,,,205,302,,605,195,,,,313,531,.301,,.679,15.6,5.8,6.6,2.1,,,N/A,N/A,N/A,
Bob Christian,1971,1973,3,165,1768,206,424,,,144,204,,663,105,,,,306,556,.486,,.706,10.7,3.4,4.0,0.6,,,N/A,N/A,N/A,
Speedy Claxton,2007,2009,2,44,1069,93,285,6,28,34,62,12,81,188,72,4,75,132,226,.326,.214,.548,24.3,5.1,1.8,4.3,1.6,0.1,N/A,N/A,N/A,
Antonius Cleveland,2018,2018,1,4,42,4,7,3,3,2,2,1,4,0,1,1,5,12,13,.571,1.000,1.000,10.5,3.3,1.0,0.0,0.3,0.3,N/A,N/A,N/A,
Jack Coleman,1956,1958,3,185,5020,742,1808,,,295,416,,1474,423,,,,525,1779,.410,,.709,27.1,9.6,8.0,2.3,,,N/A,N/A,N/A,
Bimbo Coles,2000,2000,1,80,1924,276,607,8,39,85,104,30,172,290,58,11,103,178,645,.455,.205,.817,24.1,8.1,2.2,3.6,0.7,0.1,N/A,N/A,N/A,
Jason Collier,2004,2005,2,90,1487,253,541,7,18,115,156,120,295,35,26,24,94,218,628,.468,.389,.737,16.5,7.0,3.3,0.4,0.3,0.3,N/A,N/A,N/A,
Art Collins,1981,1981,1,29,395,35,99,0,2,24,36,19,41,25,11,1,32,35,94,.354,.000,.667,13.6,3.2,1.4,0.9,0.4,0.0,N/A,N/A,N/A,
Don Collins,1981,1981,1,47,1184,230,530,0,3,137,162,96,187,115,69,11,107,166,597,.434,.000,.846,25.2,12.7,4.0,2.4,1.5,0.2,N/A,N/A,N/A,
Jason Collins,2010,2012,3,103,1016,58,134,1,2,34,58,47,164,36,16,14,41,152,151,.433,.500,.586,9.9,1.5,1.6,0.3,0.2,0.1,N/A,N/A,N/A,
John Collins,2018,2023,6,364,10618,2259,4103,347,976,903,1153,799,2903,540,209,377,523,1129,5768,.551,.356,.783,29.2,15.8,8.0,1.5,0.6,1.0,N/A,N/A,N/A,
Sean Colson,2001,2001,1,3,14,0,5,0,1,0,0,0,3,3,0,0,2,0,0,.000,.000,,4.7,0.0,1.0,1.0,0.0,0.0,N/A,N/A,N/A,
Chuck Cooper,1955,1956,2,105,2323,251,741,,,249,333,,523,212,,,,281,751,.339,,.748,22.1,7.2,5.0,2.0,,,N/A,N/A,N/A,
Sharife Cooper,2022,2022,1,13,39,3,14,1,6,0,0,0,5,5,0,0,5,1,7,.214,.167,,3.0,0.5,0.4,0.4,0.0,0.0,N/A,N/A,N/A,
Tyrone Corbin,1995,1999,4,277,7459,917,2146,175,524,317,430,289,1063,407,281,37,288,608,2326,.427,.334,.737,26.9,8.4,3.8,1.5,1.0,0.1,N/A,N/A,N/A,
Ray Corley,1951,1951,1,18,,29,85,,,16,29,,43,38,,,,26,74,.341,,.552,,4.1,2.4,2.1,,,N/A,N/A,N/A,
Allen Crabbe,2020,2020,1,28,522,52,143,30,93,9,12,10,65,28,15,4,12,36,143,.364,.323,.750,18.6,5.1,2.3,1.0,0.5,0.1,N/A,N/A,N/A,
Chris Crawford,1998,2004,7,252,3985,609,1393,70,202,366,444,206,547,154,101,80,232,492,1654,.437,.347,.824,15.8,6.6,2.2,0.6,0.4,0.3,N/A,N/A,N/A,
Jamal Crawford,2010,2011,2,155,4757,864,1979,282,776,492,575,56,331,479,118,26,282,229,2502,.437,.363,.856,30.7,16.1,2.1,3.1,0.8,0.2,N/A,N/A,N/A,
Jordan Crawford,2011,2011,1,16,160,27,77,9,27,4,6,9,28,15,3,0,15,13,67,.351,.333,.667,10.0,4.2,1.8,0.9,0.2,0.0,N/A,N/A,N/A,
Jim Creighton,1976,1976,1,32,172,12,43,,,7,16,13,45,4,2,9,,23,31,.279,,.438,5.4,1.0,1.4,0.1,0.1,0.3,N/A,N/A,N/A,
Charlie Criss,1978,1985,7,318,7091,997,2352,4,48,734,892,107,460,1079,313,17,540,482,2732,.424,,.823,22.3,8.6,1.4,3.4,1.0,0.1,N/A,N/A,N/A,
Dillard Crocker,1952,1953,2,93,1536,196,558,,,222,328,,212,120,,,,325,614,.351,,.677,16.5,6.6,2.3,1.3,,,N/A,N/A,N/A,
Jarrett Culver,2023,2023,1,10,137,17,43,1,12,9,13,10,38,6,6,2,7,14,44,.395,.083,.692,13.7,4.4,3.8,0.6,0.6,0.2,N/A,N/A,N/A,
Jared Cunningham,2014,2014,1,5,22,1,2,0,1,0,2,0,1,3,0,0,2,3,2,.500,.000,.000,4.4,0.4,0.2,0.6,0.0,0.0,N/A,N/A,N/A,
Erick Dampier,2012,2012,1,15,83,1,8,0,0,0,0,10,25,4,1,4,3,9,2,.125,,,5.5,0.1,1.7,0.3,0.1,0.3,N/A,N/A,N/A,
Dyson Daniels,2025,2025,1,10,331,61,130,11,41,10,19,10,43,29,36,7,17,29,143,.469,.268,.526,33.1,14.3,4.3,2.9,3.6,0.7,N/A,N/A,N/A,
Pete Darcey,1953,1953,1,12,90,3,18,,,5,9,,10,2,,,,29,11,.167,,.556,7.5,0.9,0.8,0.2,,,N/A,N/A,N/A,
Jimmy Darrow,1962,1962,1,5,34,3,15,,,6,7,,7,6,,,,9,12,.200,,.857,6.8,2.4,1.4,1.2,,,N/A,N/A,N/A,
Deyonta Davis,2019,2019,1,9,118,15,22,0,1,6,10,10,36,5,3,5,3,12,36,.682,.000,.600,13.1,4.0,4.0,0.6,0.3,0.6,N/A,N/A,N/A,
Emanual Davis,2002,2003,2,52,1114,102,286,36,114,33,40,24,117,104,39,7,77,96,273,.357,.316,.825,21.4,5.3,2.3,2.0,0.8,0.1,N/A,N/A,N/A,
Jim Davis,1968,1972,5,303,6367,1013,2186,,,624,919,,2030,464,,,,926,2650,.463,,.679,21.0,8.7,6.7,1.5,,,N/A,N/A,N/A,
Johnny Davis,1983,1986,3,155,3946,658,1474,6,28,432,521,92,286,753,118,13,286,278,1754,.446,.214,.829,25.5,11.3,1.8,4.9,0.8,0.1,N/A,N/A,N/A,
Josh Davis,2004,2004,1,4,23,2,5,0,2,1,1,1,5,0,0,0,2,3,5,.400,.000,1.000,5.8,1.3,1.3,0.0,0.0,0.0,N/A,N/A,N/A,
Ron Davis,1977,1977,1,7,67,8,35,,,4,13,2,7,2,7,0,,9,20,.229,,.308,9.6,2.9,1.0,0.3,1.0,0.0,N/A,N/A,N/A,
Walt Davis,1958,1958,1,26,287,41,115,,,45,58,,86,11,,,,62,127,.357,,.776,11.0,4.9,3.3,0.4,,,N/A,N/A,N/A,
Austin Daye,2015,2015,1,8,76,10,26,5,14,1,2,4,14,8,4,2,5,9,26,.385,.357,.500,9.5,3.3,1.8,1.0,0.5,0.3,N/A,N/A,N/A,
Dewayne Dedmon,2018,2020,3,136,3384,542,1087,141,394,166,207,219,1051,187,119,137,180,416,1391,.499,.358,.802,24.9,10.2,7.7,1.4,0.9,1.0,N/A,N/A,N/A,
Archie Dees,1962,1962,1,8,71,13,28,,,8,11,,19,4,,,,11,34,.464,,.727,8.9,4.3,2.4,0.5,,,N/A,N/A,N/A,
Malcolm Delaney,2017,2018,2,127,2262,254,673,72,234,149,185,19,223,356,74,7,161,194,729,.377,.308,.805,17.8,5.7,1.8,2.8,0.6,0.1,N/A,N/A,N/A,
Tony Delk,2005,2006,2,57,1347,246,592,72,202,105,138,29,132,104,47,3,54,123,669,.416,.356,.761,23.6,11.7,2.3,1.8,0.8,0.1,N/A,N/A,N/A,
Nate DeLong,1952,1952,1,17,132,20,42,,,24,35,,31,14,,,,47,64,.476,,.686,7.8,3.8,1.8,0.8,,,N/A,N/A,N/A,
Randy Denton,1977,1977,1,45,700,103,256,,,33,47,81,218,33,14,16,,100,239,.402,,.702,15.6,5.3,4.8,0.7,0.3,0.4,N/A,N/A,N/A,
Hank DeZonie,1951,1951,1,5,,6,25,,,5,7,,18,9,,,,6,17,.240,,.714,,3.4,3.6,1.8,,,N/A,N/A,N/A,
Boris Diaw,2004,2005,2,142,3120,264,607,15,76,113,170,165,512,331,96,55,213,314,656,.435,.197,.665,22.0,4.6,3.6,2.3,0.7,0.4,N/A,N/A,N/A,
Dan Dickau,2003,2004,2,73,658,91,219,25,71,25,32,13,59,103,23,2,66,88,232,.416,.352,.781,9.0,3.2,0.8,1.4,0.3,0.0,N/A,N/A,N/A,
Henry Dickerson,1977,1977,1,6,63,6,12,,,5,8,0,2,11,1,0,,13,17,.500,,.625,10.5,2.8,0.3,1.8,0.2,0.0,N/A,N/A,N/A,
Gorgui Dieng,2022,2022,1,44,371,53,112,29,68,19,26,32,121,34,11,13,20,52,154,.473,.426,.731,8.4,3.5,2.8,0.8,0.3,0.3,N/A,N/A,N/A,
Fred Diute,1955,1955,1,7,72,2,21,,,7,12,,13,4,,,,12,11,.095,,.583,10.3,1.6,1.9,0.6,,,N/A,N/A,N/A,
Tyler Dorsey,2018,2019,2,83,1225,176,471,82,238,61,89,26,173,96,24,6,47,83,495,.374,.345,.685,14.8,6.0,2.1,1.2,0.3,0.1,N/A,N/A,N/A,
John Drew,1975,1982,8,595,18362,4545,9660,4,26,3527,4743,1878,4433,957,859,182,1033,2216,12621,.470,,.744,30.9,21.2,7.5,1.6,1.4,0.3,N/A,N/A,N/A,
Predrag Drobnjak,2005,2005,1,71,1435,238,543,25,71,96,120,73,238,49,42,24,78,138,597,.438,.352,.800,20.2,8.4,3.4,0.7,0.6,0.3,N/A,N/A,N/A,
Bob Duffy,1963,1964,2,44,441,67,177,,,22,40,,40,83,,,,42,156,.379,,.550,10.0,3.5,0.9,1.9,,,N/A,N/A,N/A,
Mike Dunleavy,2017,2017,1,30,475,57,130,33,77,22,26,13,68,30,9,5,14,35,169,.438,.429,.846,15.8,5.6,2.3,1.0,0.3,0.2,N/A,N/A,N/A,
Kris Dunn,2021,2021,1,4,45,1,12,0,2,3,4,0,6,2,2,2,3,10,5,.083,.000,.750,11.3,1.3,1.5,0.5,0.5,0.5,N/A,N/A,N/A,
Dennis DuVal,1976,1976,1,13,130,15,43,,,6,9,1,8,20,6,2,,15,36,.349,,.667,10.0,2.8,0.6,1.5,0.5,0.2,N/A,N/A,N/A,
Gene Dyker,1954,1954,1,11,91,6,26,,,4,8,,16,5,,,,21,16,.231,,.500,8.3,1.5,1.5,0.5,,,N/A,N/A,N/A,
Jerry Eaves,1985,1985,1,3,37,3,6,0,0,5,6,0,0,4,0,0,4,6,11,.500,,.833,12.3,3.7,0.0,1.3,0.0,0.0,N/A,N/A,N/A,
Dike Eddleman,1950,1952,3,182,1616,957,2726,,,591,902,,642,424,,,,678,2505,.351,,.655,32.3,13.8,5.4,2.3,,,N/A,N/A,N/A,
Keith Edmonson,1983,1983,1,32,309,48,139,0,2,16,27,20,39,22,11,6,20,41,112,.345,.000,.593,9.7,3.5,1.2,0.7,0.3,0.2,N/A,N/A,N/A,
Doug Edwards,1994,1995,2,54,319,39,97,0,2,32,48,26,66,21,7,9,28,39,110,.402,.000,.667,5.9,2.0,1.2,0.4,0.1,0.2,N/A,N/A,N/A,
John Edwards,2006,2006,1,40,296,31,64,0,0,8,11,18,48,5,3,15,12,76,70,.484,,.727,7.4,1.8,1.2,0.1,0.1,0.4,N/A,N/A,N/A,
Craig Ehlo,1994,1996,3,210,5071,760,1721,210,576,237,328,191,682,524,267,41,307,385,1967,.442,.365,.723,24.1,9.4,3.2,2.5,1.3,0.2,N/A,N/A,N/A,
Rich Eichhorst,1962,1962,1,1,10,1,2,,,0,0,,1,3,,,,1,2,.500,,,10.0,2.0,1.0,3.0,,,N/A,N/A,N/A,
Obinna Ekezie,2005,2005,1,42,732,79,182,0,1,72,93,69,179,11,22,12,45,129,230,.434,.000,.774,17.4,5.5,4.3,0.3,0.5,0.3,N/A,N/A,N/A,
LaPhonso Ellis,1999,2000,2,78,1848,289,654,4,26,109,156,123,399,77,40,32,86,181,691,.442,.154,.699,23.7,8.9,5.1,1.0,0.5,0.4,N/A,N/A,N/A,
Gene Englund,1950,1950,1,22,,49,126,,,66,86,,,24,,,,70,164,.389,,.767,,7.5,,1.1,,,N/A,N/A,N/A,
Jeremy Evans,2018,2018,1,1,5,1,1,0,0,0,0,1,1,0,0,0,1,1,2,1.000,,,5.0,2.0,1.0,0.0,0.0,0.0,N/A,N/A,N/A,
Maurice Evans,2009,2011,3,206,3994,462,1076,183,506,130,162,170,481,132,100,32,78,362,1237,.429,.362,.802,19.4,6.0,2.3,0.6,0.5,0.2,N/A,N/A,N/A,
Mike Farmer,1963,1966,4,225,4436,597,1438,,,264,321,,870,346,,,,428,1458,.415,,.822,19.7,6.5,3.9,1.5,,,N/A,N/A,N/A,
George Feigenbaum,1953,1953,1,5,79,4,22,,,8,15,,7,9,,,,14,16,.182,,.533,15.8,3.2,1.4,1.8,,,N/A,N/A,N/A,
Bruno Fernando,2020,2024,4,142,1662,241,449,5,46,113,175,148,484,106,47,51,112,243,600,.537,.109,.646,11.7,4.2,3.4,0.7,0.3,0.4,N/A,N/A,N/A,
Al Ferrari,1956,1962,5,353,7444,866,2352,,,755,995,,818,929,,,,987,2487,.368,,.759,21.1,7.0,2.3,2.6,,,N/A,N/A,N/A,
Duane Ferrell,1989,1994,6,353,5914,1056,2160,23,82,643,834,383,757,356,193,83,358,566,2778,.489,.280,.771,16.8,7.9,2.1,1.0,0.5,0.2,N/A,N/A,N/A,
Bob Ferry,1960,1960,1,62,875,144,338,,,76,119,,233,40,,,,132,364,.426,,.639,14.1,5.9,3.8,0.6,,,N/A,N/A,N/A,
Trent Forrest,2023,2024,2,61,691,59,150,2,12,15,20,16,88,130,18,5,35,42,135,.393,.167,.750,11.3,2.2,1.4,2.1,0.3,0.1,N/A,N/A,N/A,
Greg Foster,1993,1993,1,33,205,44,95,0,4,13,18,24,56,10,3,9,16,41,101,.463,.000,.722,6.2,3.1,1.7,0.3,0.1,0.3,N/A,N/A,N/A,
Larry Foust,1960,1962,3,150,2927,485,1107,,,389,486,,899,177,,,,440,1359,.438,,.800,19.5,9.1,6.0,1.2,,,N/A,N/A,N/A,
Jerry Fowler,1952,1952,1,6,41,4,13,,,1,4,,10,2,,,,9,9,.308,,.250,6.8,1.5,1.7,0.3,,,N/A,N/A,N/A,
Matt Freije,2007,2007,1,19,147,16,54,3,22,5,6,8,24,7,3,1,3,13,40,.296,.136,.833,7.7,2.1,1.3,0.4,0.2,0.1,N/A,N/A,N/A,
Hiram Fuller,2004,2004,1,4,43,3,8,0,0,2,6,4,11,2,0,1,4,5,8,.375,,.333,10.8,2.0,2.8,0.5,0.0,0.3,N/A,N/A,N/A,
Terry Furlow,1979,1980,2,50,980,179,396,1,9,104,121,55,113,153,37,22,81,61,463,.452,,.860,19.6,9.3,2.3,3.1,0.7,0.4,N/A,N/A,N/A,
Danilo Gallinari,2021,2022,2,117,2894,465,1072,215,548,302,330,52,519,177,58,22,81,198,1447,.434,.392,.915,24.7,12.4,4.4,1.5,0.5,0.2,N/A,N/A,N/A,
Dave Gambee,1959,1960,2,44,452,82,199,,,46,71,,157,29,,,,64,210,.412,,.648,10.3,4.8,3.6,0.7,,,N/A,N/A,N/A,
Thomas Gardner,2009,2009,1,16,98,9,36,4,23,2,4,0,7,2,4,1,3,4,24,.250,.174,.500,6.1,1.5,0.4,0.1,0.3,0.1,N/A,N/A,N/A,
Ed Gayda,1951,1951,1,15,,19,46,,,18,24,,39,13,,,,34,56,.413,,.750,,3.7,2.6,0.9,,,N/A,N/A,N/A,
Dee Gibson,1950,1950,1,44,,77,245,,,127,177,,,126,,,,113,281,.314,,.718,,6.4,,2.9,,,N/A,N/A,N/A,
Herm Gilliam,1972,1975,4,280,8474,1514,3363,,,468,570,137,1205,1384,211,31,,803,3496,.450,,.821,30.3,12.5,4.3,4.9,1.7,0.3,N/A,N/A,N/A,
Jack Givens,1979,1980,2,156,2601,416,1037,0,2,208,263,212,456,142,123,36,134,253,1040,.401,,.791,16.7,6.7,2.9,0.9,0.8,0.2,N/A,N/A,N/A,
Mike Glenn,1982,1985,4,263,4586,928,1677,2,7,251,302,58,336,505,129,17,197,432,2109,.553,.286,.831,17.4,8.0,1.3,1.9,0.5,0.1,N/A,N/A,N/A,
Dion Glover,2000,2004,5,273,5886,881,2135,143,445,413,546,206,857,436,220,60,349,461,2318,.413,.321,.756,21.6,8.5,3.1,1.6,0.8,0.2,N/A,N/A,N/A,
Brandon Goodwin,2020,2021,2,81,1050,160,413,58,190,56,73,19,141,146,29,4,65,84,434,.387,.305,.767,13.0,5.4,1.7,1.8,0.4,0.0,N/A,N/A,N/A,
Joe Graboski,1962,1962,1,3,28,4,17,,,0,1,,9,2,,,,3,8,.235,,.000,9.3,2.7,3.0,0.7,,,N/A,N/A,N/A,
Ricky Grace,1994,1994,1,3,8,2,3,0,0,0,2,0,1,1,0,0,0,3,4,.667,,.000,2.7,1.3,0.3,0.3,0.0,0.0,N/A,N/A,N/A,
Paul Graham,1992,1994,3,179,3354,582,1299,100,295,235,318,137,433,352,186,32,216,389,1499,.448,.339,.739,18.7,8.4,2.4,2.0,1.0,0.2,N/A,N/A,N/A,
Treveon Graham,2020,2020,1,22,266,25,67,13,37,9,19,22,50,15,7,4,10,36,72,.373,.351,.474,12.1,3.3,2.3,0.7,0.3,0.2,N/A,N/A,N/A,
Ron Grandison,1996,1996,1,4,19,2,4,0,1,0,0,1,6,1,0,0,0,0,4,.500,.000,,4.8,1.0,1.5,0.3,0.0,0.0,N/A,N/A,N/A,
Stewart Granger,1985,1985,1,9,92,6,17,0,1,4,8,1,6,12,2,0,12,13,16,.353,.000,.500,10.2,1.8,0.7,1.3,0.2,0.0,N/A,N/A,N/A,
Ed Gray,1998,1999,2,60,809,130,384,30,88,83,102,16,73,46,27,12,59,103,373,.339,.341,.814,13.5,6.2,1.2,0.8,0.5,0.2,N/A,N/A,N/A,
Si Green,1959,1962,4,186,4036,508,1395,,,371,549,,798,455,,,,483,1387,.364,,.676,21.7,7.5,4.3,2.4,,,N/A,N/A,N/A,
Willie Green,2012,2012,1,53,922,153,325,50,113,48,56,15,80,40,23,6,33,74,404,.471,.442,.857,17.4,7.6,1.5,0.8,0.4,0.1,N/A,N/A,N/A,
Gary Gregor,1970,1970,1,81,1603,286,661,,,88,113,,397,63,,,,159,660,.433,,.779,19.8,8.1,4.9,0.8,,,N/A,N/A,N/A,
AJ Griffin,2023,2024,2,92,1572,266,595,111,298,44,49,39,171,78,43,14,50,93,687,.447,.372,.898,17.1,7.5,1.9,0.8,0.5,0.2,N/A,N/A,N/A,
Anthony Grundy,2006,2006,1,12,108,19,38,5,15,9,14,1,17,9,7,0,9,14,52,.500,.333,.643,9.0,4.3,1.4,0.8,0.6,0.0,N/A,N/A,N/A,
Richie Guerin,1964,1970,6,330,9192,1493,3516,,,1298,1657,,969,1486,,,,1042,4284,.425,,.783,27.9,13.0,2.9,4.5,,,N/A,N/A,N/A,
Mouhamed Gueye,2024,2025,2,8,84,9,27,3,11,5,6,10,24,4,5,4,2,13,26,.333,.273,.833,10.5,3.3,3.0,0.5,0.6,0.5,N/A,N/A,N/A,
Tom Gugliotta,2005,2005,1,27,748,88,204,8,26,29,37,41,148,56,32,13,48,81,213,.431,.308,.784,27.7,7.9,5.5,2.1,1.2,0.5,N/A,N/A,N/A,
Cliff Hagan,1957,1966,10,745,21731,5239,11630,,,2969,3722,,5116,2242,,,,2388,13447,.450,,.798,29.2,18.0,6.9,3.0,,,N/A,N/A,N/A,
Shaler Halimon,1972,1972,1,1,4,0,0,,,0,0,,0,0,,,,1,0,,,,4.0,0.0,0.0,0.0,,,N/A,N/A,N/A,
Jeff Halliburton,1972,1973,2,61,526,111,249,,,46,52,,63,48,,,,79,268,.446,,.885,8.6,4.4,1.0,0.8,,,N/A,N/A,N/A,
Darvin Ham,2003,2003,1,75,926,71,159,0,3,38,79,73,153,38,16,19,65,127,180,.447,.000,.481,12.3,2.4,2.0,0.5,0.2,0.3,N/A,N/A,N/A,
Daniel Hamilton,2019,2019,1,19,204,23,60,8,23,3,6,10,47,22,6,1,16,19,57,.383,.348,.500,10.7,3.0,2.5,1.2,0.3,0.1,N/A,N/A,N/A,
Dennis Hamilton,1969,1969,1,25,141,37,67,,,2,5,,29,8,,,,19,76,.552,,.400,5.6,3.0,1.2,0.3,,,N/A,N/A,N/A,
Darrin Hancock,1997,1997,1,14,86,13,27,0,0,8,12,3,13,7,7,1,7,6,34,.481,,.667,6.1,2.4,0.9,0.5,0.5,0.1,N/A,N/A,N/A,
Alex Hannum,1955,1957,3,161,2991,320,958,,,179,297,,693,280,,,,566,819,.334,,.603,18.6,5.1,4.3,1.7,,,N/A,N/A,N/A,
Travis Hansen,2004,2004,1,41,507,46,130,9,30,22,27,30,70,19,10,9,15,67,123,.354,.300,.815,12.4,3.0,1.7,0.5,0.2,0.2,N/A,N/A,N/A,
Tim Hardaway Jr.,2016,2017,2,130,3018,529,1177,197,559,214,270,42,310,233,76,22,129,151,1469,.449,.352,.793,23.2,11.3,2.4,1.8,0.6,0.2,N/A,N/A,N/A,
John Hargis,1951,1951,1,15,,23,61,,,10,18,,36,16,,,,33,56,.377,,.556,,3.7,2.4,1.1,,,N/A,N/A,N/A,
Skip Harlicka,1969,1969,1,26,218,41,90,,,24,31,,16,37,,,,29,106,.456,,.774,8.4,4.1,0.6,1.4,,,N/A,N/A,N/A,
Al Harrington,2005,2006,2,142,5332,1004,2206,82,265,479,701,277,984,446,170,30,399,550,2569,.455,.309,.683,37.5,18.1,6.9,3.1,1.2,0.2,N/A,N/A,N/A,
Chris Harris,1956,1956,1,15,168,15,60,,,11,18,,18,18,,,,17,41,.250,,.611,11.2,2.7,1.2,1.2,,,N/A,N/A,N/A,
Devin Harris,2013,2013,1,58,1421,194,443,77,230,112,154,6,116,197,64,13,88,103,577,.438,.335,.727,24.5,9.9,2.0,3.4,1.1,0.2,N/A,N/A,N/A,
Bob Harrison,1954,1957,4,178,5391,660,1899,,,273,426,,499,620,,,,658,1593,.348,,.641,30.3,8.9,2.8,3.5,,,N/A,N/A,N/A,
Antonio Harvey,2003,2003,1,4,32,2,5,0,0,0,0,1,6,0,1,4,3,7,4,.400,,,8.0,1.0,1.5,0.0,0.3,1.0,N/A,N/A,N/A,
Billy Hassett,1950,1950,1,18,,46,157,,,69,94,,,68,,,,54,161,.293,,.734,,8.9,,3.8,,,N/A,N/A,N/A,
Scott Hastings,1983,1988,6,299,3311,333,750,11,34,257,317,247,730,149,97,85,186,578,934,.444,.324,.811,11.1,3.1,2.4,0.5,0.3,0.3,N/A,N/A,N/A,
Vern Hatton,1962,1962,1,25,502,67,185,,,46,56,,57,55,,,,40,180,.362,,.821,20.1,7.2,2.3,2.2,,,N/A,N/A,N/A,
Steve Hawes,1977,1983,7,451,11814,1812,3771,10,36,864,1082,903,3147,950,405,231,735,1395,4498,.481,,.799,26.2,10.0,7.0,2.1,0.9,0.5,N/A,N/A,N/A,
Connie Hawkins,1976,1976,1,74,1907,237,530,,,136,191,102,445,212,80,46,,172,610,.447,,.712,25.8,8.2,6.0,2.9,1.1,0.6,N/A,N/A,N/A,
Walt Hazzard,1969,1971,3,244,8054,1355,3051,,,790,1039,,895,1549,,,,804,3500,.444,,.760,33.0,14.3,3.7,6.3,,,N/A,N/A,N/A,
Alan Henderson,1996,2004,9,485,11628,1770,3837,5,24,1030,1606,1154,2657,356,317,236,634,1167,4575,.461,.208,.641,24.0,9.4,5.5,0.7,0.7,0.5,N/A,N/A,N/A,
Cedric Henderson,1987,1987,1,6,10,2,5,0,0,1,1,2,3,0,0,0,1,1,5,.400,,1.000,1.7,0.8,0.5,0.0,0.0,0.0,N/A,N/A,N/A,
Tom Henderson,1975,1977,3,206,6599,1032,2482,,,510,714,127,601,1074,321,25,,418,2574,.416,,.714,32.0,12.5,2.9,5.2,1.6,0.1,N/A,N/A,N/A,
Bill Henry,1950,1950,1,19,,24,69,,,34,51,,,9,,,,23,82,.348,,.667,,4.3,,0.5,,,N/A,N/A,N/A,
Steve Henson,1993,1993,1,53,719,71,182,37,80,34,40,12,55,155,30,1,52,85,213,.390,.463,.850,13.6,4.0,1.0,2.9,0.6,0.0,N/A,N/A,N/A,
Kleggie Hermsen,1951,1951,1,48,,129,453,,,126,188,,326,72,,,,191,384,.285,,.670,,8.0,6.8,1.5,,,N/A,N/A,N/A,
Keith Herron,1979,1979,1,14,81,14,48,,,12,13,4,10,3,6,2,5,11,40,.292,,.923,5.8,2.9,0.7,0.2,0.4,0.1,N/A,N/A,N/A,
Armond Hill,1977,1984,6,363,9779,1005,2446,1,5,757,902,182,737,1887,478,48,685,1190,2768,.411,,.839,26.9,7.6,2.0,5.2,1.3,0.1,N/A,N/A,N/A,
Cleo Hill,1962,1962,1,58,1050,107,309,,,106,137,,178,114,,,,98,320,.346,,.774,18.1,5.5,3.1,2.0,,,N/A,N/A,N/A,
Malcolm Hill,2022,2022,1,3,46,5,8,3,5,4,4,2,6,1,4,1,0,7,17,.625,.600,1.000,15.3,5.7,2.0,0.3,1.3,0.3,N/A,N/A,N/A,
Solomon Hill,2021,2022,2,84,1652,110,318,70,225,35,46,48,237,87,54,13,43,132,325,.346,.311,.761,19.7,3.9,2.8,1.0,0.6,0.2,N/A,N/A,N/A,
Kirk Hinrich,2011,2016,3,83,1999,204,491,80,218,39,53,19,166,224,59,19,98,167,527,.415,.367,.736,24.1,6.3,2.0,2.7,0.7,0.2,N/A,N/A,N/A,
Lew Hitch,1954,1955,2,129,3903,356,952,,,214,328,,1036,243,,,,257,926,.374,,.652,30.3,7.2,8.0,1.9,,,N/A,N/A,N/A,
Aaron Holiday,2023,2023,1,63,845,92,220,36,88,27,32,25,74,89,37,12,36,79,247,.418,.409,.844,13.4,3.9,1.2,1.4,0.6,0.2,N/A,N/A,N/A,
Justin Holiday,2016,2023,2,54,674,72,198,40,132,5,10,6,50,36,18,14,25,58,189,.364,.303,.500,12.5,3.5,0.9,0.7,0.3,0.3,N/A,N/A,N/A,
Wilbur Holland,1976,1976,1,33,351,85,213,,,22,34,15,41,26,20,2,,48,192,.399,,.647,10.6,5.8,1.2,0.8,0.6,0.1,N/A,N/A,N/A,
Red Holzman,1954,1954,1,51,649,74,224,,,48,73,,46,75,,,,73,196,.330,,.658,12.7,3.8,0.9,1.5,,,N/A,N/A,N/A,
Tom Hoover,1967,1967,1,17,129,13,31,,,5,13,,36,8,,,,35,31,.419,,.385,7.6,1.8,2.1,0.5,,,N/A,N/A,N/A,
Al Horford,2008,2016,9,578,19342,3544,6626,109,321,1091,1468,1377,5144,1589,482,697,915,1399,8288,.535,.340,.743,33.5,14.3,8.9,2.7,0.8,1.2,N/A,N/A,N/A,
Ron Horn,1962,1962,1,3,25,1,12,,,1,2,,6,1,,,,4,3,.083,,.500,8.3,1.0,2.0,0.3,,,N/A,N/A,N/A,
Bob Houbregs,1954,1954,1,11,166,19,62,,,26,34,,46,9,,,,21,64,.306,,.765,15.1,5.8,4.2,0.8,,,N/A,N/A,N/A,
Tom Hovasse,1995,1995,1,2,4,0,1,0,1,0,0,0,0,0,1,0,0,1,0,.000,.000,,2.0,0.0,0.0,0.0,0.5,0.0,N/A,N/A,N/A,
Dwight Howard,2017,2017,1,74,2199,388,613,0,2,226,424,296,940,104,64,92,170,203,1002,.633,.000,.533,29.7,13.5,12.7,1.4,0.9,1.2,N/A,N/A,N/A,
Lou Hudson,1967,1977,11,730,25825,6570,13501,,,2909,3659,292,3598,2098,364,67,,2110,16049,.487,,.795,35.4,22.0,4.9,2.9,1.7,0.3,N/A,N/A,N/A,
Kevin Huerter,2019,2022,4,274,8122,1188,2758,563,1484,186,236,165,958,871,253,96,366,644,3125,.431,.379,.788,29.6,11.4,3.5,3.2,0.9,0.4,N/A,N/A,N/A,
Isaac Humphries,2019,2019,1,5,56,6,21,3,11,0,0,4,11,0,1,0,0,7,15,.286,.273,,11.2,3.0,2.2,0.0,0.2,0.0,N/A,N/A,N/A,
Kris Humphries,2016,2017,2,77,984,134,315,27,85,96,127,80,277,42,25,28,42,113,391,.425,.318,.756,12.8,5.1,3.6,0.5,0.3,0.4,N/A,N/A,N/A,
De'Andre Hunter,2020,2025,6,265,8139,1347,3015,434,1194,659,811,166,1091,409,176,85,366,750,3787,.447,.363,.813,30.7,14.3,4.1,1.5,0.7,0.3,N/A,N/A,N/A,
Othello Hunter,2009,2010,2,23,125,15,32,0,0,3,9,15,36,1,2,6,5,16,33,.469,,.333,5.4,1.4,1.6,0.0,0.1,0.3,N/A,N/A,N/A,
Mel Hutchins,1952,1953,2,137,5509,550,1475,,,338,520,,1673,417,,,,406,1438,.373,,.650,40.2,10.5,12.2,3.0,,,N/A,N/A,N/A,
Ersan Ä°lyasova,2017,2018,2,72,1808,277,627,93,262,124,155,116,402,94,66,25,77,165,771,.442,.355,.800,25.1,10.7,5.6,1.3,0.9,0.3,N/A,N/A,N/A,
Tom Ingelsby,1974,1974,1,48,398,50,131,,,29,37,10,44,37,19,4,,43,129,.382,,.784,8.3,2.7,0.9,0.8,0.4,0.1,N/A,N/A,N/A,
Royal Ivey,2005,2007,3,188,2326,265,605,12,35,95,135,65,231,222,87,18,112,349,637,.438,.343,.704,12.4,3.4,1.2,1.2,0.5,0.1,N/A,N/A,N/A,
Wes Iwundu,2022,2022,1,3,82,8,18,3,5,3,4,3,13,0,1,0,1,8,22,.444,.600,.750,27.3,7.3,4.3,0.0,0.3,0.0,N/A,N/A,N/A,
Jermaine Jackson,2003,2003,1,29,273,19,42,0,1,17,28,9,32,35,10,3,15,27,55,.452,.000,.607,9.4,1.9,1.1,1.2,0.3,0.1,N/A,N/A,N/A,
Jim Jackson,2000,2001,2,96,3317,584,1452,133,341,259,297,118,473,280,76,14,233,209,1560,.402,.390,.872,34.6,16.3,4.9,2.9,0.8,0.1,N/A,N/A,N/A,
Stephen Jackson,2004,2004,1,80,2940,536,1261,145,427,233,297,97,370,244,142,20,223,216,1450,.425,.340,.785,36.8,18.1,4.6,3.1,1.8,0.3,N/A,N/A,N/A,
Henry James,1997,1997,1,53,945,125,306,76,181,30,36,27,81,21,11,1,29,98,356,.408,.420,.833,17.8,6.7,1.5,0.4,0.2,0.0,N/A,N/A,N/A,
John Jenkins,2013,2015,3,98,1357,196,435,78,208,79,93,22,155,80,23,11,59,63,549,.451,.375,.849,13.8,5.6,1.6,0.8,0.2,0.1,N/A,N/A,N/A,
Anthony Johnson,1999,2008,5,181,3447,350,863,47,135,139,187,60,288,525,134,24,204,286,886,.406,.348,.743,19.0,4.9,1.6,2.9,0.7,0.1,N/A,N/A,N/A,
B.J. Johnson,2019,2019,1,6,43,8,16,3,6,2,2,2,8,0,2,0,2,3,21,.500,.500,1.000,7.2,3.5,1.3,0.0,0.3,0.0,N/A,N/A,N/A,
DerMarr Johnson,2001,2002,2,150,3040,360,930,130,374,149,192,115,425,145,105,86,195,297,999,.387,.348,.776,20.3,6.7,2.8,1.0,0.7,0.6,N/A,N/A,N/A,
Eddie Johnson,1978,1986,9,619,18852,3801,7957,75,239,1954,2464,446,1430,3207,741,87,1616,1614,9631,.478,,.793,30.5,15.6,2.3,5.2,1.2,0.1,N/A,N/A,N/A,
George Johnson,1983,1983,1,37,461,25,57,0,0,14,19,44,117,17,10,59,19,69,64,.439,,.737,12.5,1.7,3.2,0.5,0.3,1.6,N/A,N/A,N/A,
Ivan Johnson,2012,2013,2,125,1969,326,631,3,19,153,231,141,492,78,99,32,140,247,808,.517,.158,.662,15.8,6.5,3.9,0.6,0.8,0.3,N/A,N/A,N/A,
Jalen Johnson,2022,2025,4,160,3491,625,1254,122,374,199,286,151,918,353,126,94,191,287,1571,.498,.326,.696,21.8,9.8,5.7,2.2,0.8,0.6,N/A,N/A,N/A,
Joe Johnson,2006,2012,7,508,19733,4007,8929,908,2502,1684,2083,485,2152,2653,508,104,1268,997,10606,.449,.363,.808,38.8,20.9,4.2,5.2,1.0,0.2,N/A,N/A,N/A,
Ollie Johnson,1978,1978,1,82,1704,292,619,,,111,130,89,260,120,80,36,107,180,695,.472,,.854,20.8,8.5,3.2,1.5,1.0,0.4,N/A,N/A,N/A,
Dahntay Jones,2013,2013,1,28,381,32,82,3,12,21,31,11,31,20,12,1,16,46,88,.390,.250,.677,13.6,3.1,1.1,0.7,0.4,0.0,N/A,N/A,N/A,
Damian Jones,2020,2020,1,55,887,121,178,2,9,62,84,74,206,35,26,40,28,149,306,.680,.222,.738,16.1,5.6,3.7,0.6,0.5,0.7,N/A,N/A,N/A,
Dwight Jones,1974,1976,3,215,5296,812,1796,,,411,558,552,1675,321,132,176,,637,2035,.452,,.737,24.6,9.5,7.8,1.5,0.6,0.8,N/A,N/A,N/A,
Solomon Jones,2007,2009,3,156,1486,144,269,1,5,123,169,120,320,26,21,81,63,277,412,.535,.200,.728,9.5,2.6,2.1,0.2,0.1,0.5,N/A,N/A,N/A,
Reggie Jordan,1996,1996,1,24,247,36,71,0,0,22,38,23,52,29,12,7,19,30,94,.507,,.579,10.3,3.9,2.2,1.2,0.5,0.3,N/A,N/A,N/A,
Phil Jordon,1963,1963,1,73,1420,211,527,,,56,101,,319,103,,,,172,478,.400,,.554,19.5,6.5,4.4,1.4,,,N/A,N/A,N/A,
Noble Jorgensen,1951,1951,1,22,,87,238,,,72,102,,112,27,,,,92,246,.366,,.706,,11.2,5.1,1.2,,,N/A,N/A,N/A,
Frank Kaminsky,2023,2023,1,26,176,25,44,11,23,10,12,3,36,21,5,1,9,21,71,.568,.478,.833,6.8,2.7,1.4,0.8,0.2,0.0,N/A,N/A,N/A,
Bob Kauffman,1975,1975,1,73,797,113,261,,,59,84,67,182,81,19,4,,103,285,.433,,.702,10.9,3.9,2.5,1.1,0.3,0.1,N/A,N/A,N/A,
Adam Keefe,1993,1994,2,145,2312,284,589,0,1,247,348,248,633,114,77,25,160,275,815,.482,.000,.710,15.9,5.6,4.4,0.8,0.5,0.2,N/A,N/A,N/A,
Ryan Kelly,2017,2017,1,16,110,8,28,4,10,5,6,1,18,8,4,5,4,5,25,.286,.400,.833,6.9,1.6,1.1,0.5,0.3,0.3,N/A,N/A,N/A,
Tim Kempton,1996,1996,1,3,11,0,0,0,0,0,0,0,2,1,0,0,1,5,0,,,,3.7,0.0,0.7,0.3,0.0,0.0,N/A,N/A,N/A,
Jack Kerris,1950,1950,1,4,,8,26,,,10,12,,,8,,,,13,26,.308,,.833,,6.5,,2.0,,,N/A,N/A,N/A,
Walt Kirk,1950,1952,2,43,396,94,337,,,153,211,,44,88,,,,139,341,.279,,.725,36.0,7.9,4.0,2.0,,,N/A,N/A,N/A,
Brevin Knight,2001,2001,1,47,1364,137,356,1,10,49,60,22,161,286,95,3,84,138,324,.385,.100,.817,29.0,6.9,3.4,6.1,2.0,0.1,N/A,N/A,N/A,
Nathan Knight,2021,2021,1,33,279,37,100,6,33,44,55,27,72,8,9,10,15,22,124,.370,.182,.800,8.5,3.8,2.2,0.2,0.3,0.3,N/A,N/A,N/A,
Kevin Knox,2022,2022,1,17,111,16,45,5,26,9,12,6,22,7,2,1,2,14,46,.356,.192,.750,6.5,2.7,1.3,0.4,0.1,0.1,N/A,N/A,N/A,
Jon Koncak,1986,1995,10,717,15121,1360,2898,16,75,581,970,1001,3584,734,515,747,583,2248,3317,.469,.213,.599,21.1,4.6,5.0,1.0,0.7,1.0,N/A,N/A,N/A,
Kyle Korver,2013,2017,5,332,10380,1234,2672,818,1811,329,371,74,1228,789,275,151,417,665,3615,.462,.452,.887,31.3,10.9,3.7,2.4,0.8,0.5,N/A,N/A,N/A,
Vit Krejci,2023,2025,3,55,762,72,155,35,96,10,15,18,83,71,21,8,29,74,189,.465,.365,.667,13.9,3.4,1.5,1.3,0.4,0.1,N/A,N/A,N/A,
Tommy Kron,1967,1967,1,32,221,27,87,,,13,19,,36,46,,,,35,67,.310,,.684,6.9,2.1,1.1,1.4,,,N/A,N/A,N/A,
Toni KukoÄ,2001,2002,2,76,2112,335,756,91,250,158,225,62,315,316,61,22,164,127,919,.443,.364,.702,27.8,12.1,4.1,4.2,0.8,0.3,N/A,N/A,N/A,
Fred LaCour,1961,1962,2,128,2229,353,831,,,169,214,,450,250,,,,241,875,.425,,.790,17.4,6.8,3.5,2.0,,,N/A,N/A,N/A,
Christian Laettner,1996,1998,3,186,6399,1061,2183,37,123,772,924,440,1443,481,204,165,476,642,2931,.486,.301,.835,34.4,15.8,7.8,2.6,1.1,0.9,N/A,N/A,N/A,
Mark Landsberger,1984,1984,1,35,335,19,51,0,0,15,26,42,119,10,6,3,21,32,53,.373,,.577,9.6,1.5,3.4,0.3,0.2,0.1,N/A,N/A,N/A,
Andrew Lang,1994,1996,3,215,5763,816,1754,3,10,320,412,391,1103,185,118,316,283,641,1955,.465,.300,.777,26.8,9.1,5.1,0.9,0.5,1.5,N/A,N/A,N/A,
Priest Lauderdale,1997,1997,1,35,180,49,89,0,1,13,23,16,43,12,1,9,37,39,111,.551,.000,.565,5.1,3.2,1.2,0.3,0.0,0.3,N/A,N/A,N/A,
Bob Lavoy,1954,1954,1,8,125,16,36,,,9,16,,30,10,,,,19,41,.444,,.563,15.6,5.1,3.8,1.3,,,N/A,N/A,N/A,
Acie Law,2008,2009,2,111,1425,147,376,16,63,87,108,18,115,199,40,3,85,116,397,.391,.254,.806,12.8,3.6,1.0,1.8,0.4,0.0,N/A,N/A,N/A,
Butch Lee,1979,1979,1,49,997,144,313,,,88,117,11,59,169,56,1,96,88,376,.460,,.752,20.3,7.7,1.2,3.4,1.1,0.0,N/A,N/A,N/A,
Clyde Lee,1975,1975,1,9,177,12,36,,,32,39,24,70,8,1,4,,25,56,.333,,.821,19.7,6.2,7.8,0.9,0.1,0.4,N/A,N/A,N/A,
Damion Lee,2018,2018,1,15,404,62,152,15,60,22,29,11,71,29,19,1,14,25,161,.408,.250,.759,26.9,10.7,4.7,1.9,1.3,0.1,N/A,N/A,N/A,
Ron Lee,1980,1980,1,30,364,29,91,0,3,9,17,11,33,67,15,4,33,65,67,.319,.000,.529,12.1,2.2,1.1,2.2,0.5,0.1,N/A,N/A,N/A,
George Lehmann,1968,1969,2,66,635,85,239,,,43,55,,53,120,,,,72,213,.356,,.782,9.6,3.2,0.8,1.8,,,N/A,N/A,N/A,
Alex Len,2019,2020,2,117,2289,462,908,88,260,191,297,227,654,128,47,102,136,293,1203,.509,.338,.643,19.6,10.3,5.6,1.1,0.4,0.9,N/A,N/A,N/A,
Gary Leonard,1991,1992,2,9,22,4,6,0,0,4,6,3,7,1,1,1,1,5,12,.667,,.667,2.4,1.3,0.8,0.1,0.1,0.1,N/A,N/A,N/A,
Jim Les,1995,1995,1,24,188,11,38,5,23,23,27,6,26,44,4,0,21,28,50,.289,.217,.852,7.8,2.1,1.1,1.8,0.2,0.0,N/A,N/A,N/A,
Andrew Levane,1953,1953,1,7,68,3,24,,,2,3,,9,9,,,,15,8,.125,,.667,9.7,1.1,1.3,1.3,,,N/A,N/A,N/A,
Cliff Levingston,1985,1990,6,474,11835,1666,3155,3,18,870,1235,1177,2954,442,398,371,566,1525,4205,.528,.167,.704,25.0,8.9,6.2,0.9,0.8,0.8,N/A,N/A,N/A,
Jeremy Lin,2019,2019,1,51,1003,180,386,44,132,142,168,16,119,181,38,7,98,96,546,.466,.333,.845,19.7,10.7,2.3,3.5,0.7,0.1,N/A,N/A,N/A,
Randy Livingston,1998,1998,1,12,82,3,12,0,0,4,5,1,6,5,7,2,6,6,10,.250,,.800,6.8,0.8,0.5,0.4,0.6,0.2,N/A,N/A,N/A,
Don Lofgran,1954,1954,1,21,380,35,112,,,32,49,,64,26,,,,34,102,.313,,.653,18.1,4.9,3.0,1.2,,,N/A,N/A,N/A,
John Logan,1951,1951,1,30,,84,269,,,63,84,,134,119,,,,70,231,.312,,.750,,7.7,4.5,4.0,,,N/A,N/A,N/A,
Grant Long,1995,1999,3,211,6967,883,1901,45,135,679,887,538,1679,363,272,84,382,608,2490,.464,.333,.766,33.0,11.8,8.0,1.7,1.3,0.4,N/A,N/A,N/A,
John Long,1990,1990,1,48,1030,174,384,10,29,46,55,26,83,85,45,5,75,66,404,.453,.345,.836,21.5,8.4,1.7,1.8,0.9,0.1,N/A,N/A,N/A,
Clyde Lovellette,1959,1962,4,245,6855,1892,4104,,,949,1151,,2353,458,,,,848,4733,.461,,.825,28.0,19.3,9.6,1.9,,,N/A,N/A,N/A,
Sidney Lowe,1985,1985,1,15,159,8,20,0,1,8,8,4,15,42,11,0,11,23,24,.400,.000,1.000,10.6,1.6,1.0,2.8,0.7,0.0,N/A,N/A,N/A,
Tyronn Lue,2005,2008,4,189,4814,743,1670,184,467,414,476,55,336,681,86,3,263,372,2084,.445,.394,.870,25.5,11.0,1.8,3.6,0.5,0.0,N/A,N/A,N/A,
Seth Lundy,2024,2024,1,9,52,4,17,3,13,3,4,1,7,0,0,0,1,6,14,.235,.231,.750,5.8,1.6,0.8,0.0,0.0,0.0,N/A,N/A,N/A,
TimothÃ© Luwawu-Cabarrot,2022,2022,1,52,685,74,186,44,122,35,41,17,82,40,18,6,20,76,227,.398,.361,.854,13.2,4.4,1.6,0.8,0.3,0.1,N/A,N/A,N/A,
Ed Macauley,1957,1959,3,158,4686,812,1941,,,647,883,,958,358,,,,382,2271,.418,,.733,29.7,14.4,6.1,2.3,,,N/A,N/A,N/A,
Ronnie MacGilvray,1955,1955,1,6,57,2,12,,,4,7,,9,11,,,,5,8,.167,,.571,9.5,1.3,1.5,1.8,,,N/A,N/A,N/A,
Shelvin Mack,2013,2016,4,172,2770,407,972,120,373,106,131,31,285,508,97,4,176,167,1040,.419,.322,.809,16.1,6.0,1.7,3.0,0.6,0.0,N/A,N/A,N/A,
Rudy Macklin,1982,1983,2,152,2687,380,844,0,7,235,304,198,453,118,81,30,201,414,995,.450,.000,.773,17.7,6.5,3.0,0.8,0.5,0.2,N/A,N/A,N/A,
Josh Magette,2018,2018,1,18,216,15,46,8,22,8,8,2,19,57,8,1,9,16,46,.326,.364,1.000,12.0,2.6,1.1,3.2,0.4,0.1,N/A,N/A,N/A,
John Mahnken,1950,1950,1,36,,85,319,,,53,76,,,64,,,,149,223,.266,,.697,,6.2,,1.8,,,N/A,N/A,N/A,
Moses Malone,1989,1991,3,244,7525,1335,2771,1,28,1363,1714,1021,2435,310,156,258,614,446,4034,.482,.036,.795,30.8,16.5,10.0,1.3,0.6,1.1,N/A,N/A,N/A,
Matt Maloney,2001,2003,2,69,1506,154,373,56,157,29,39,15,124,171,60,5,75,103,393,.413,.357,.744,21.8,5.7,1.8,2.5,0.9,0.1,N/A,N/A,N/A,
Danny Manning,1994,1994,1,26,925,177,372,1,3,54,83,49,169,85,46,25,86,93,409,.476,.333,.651,35.6,15.7,6.5,3.3,1.8,1.0,N/A,N/A,N/A,
Pace Mannion,1989,1989,1,5,18,2,6,0,2,0,0,0,2,2,2,0,3,2,4,.333,.000,,3.6,0.8,0.4,0.4,0.4,0.0,N/A,N/A,N/A,
Nick Mantis,1963,1963,1,9,58,8,20,,,3,9,,6,7,,,,13,19,.400,,.333,6.4,2.1,0.7,0.8,,,N/A,N/A,N/A,
Pete Maravich,1971,1974,4,302,11220,2806,6269,,,1713,2117,98,1274,1690,111,13,,951,7325,.448,,.809,37.2,24.3,4.2,5.6,1.5,0.2,N/A,N/A,N/A,
Roy Marble,1990,1990,1,24,162,16,58,0,2,19,29,15,24,11,7,1,14,16,51,.276,.000,.655,6.8,2.1,1.0,0.5,0.3,0.0,N/A,N/A,N/A,
Cartier Martin,2014,2014,1,53,822,106,256,56,146,46,61,12,105,31,26,7,33,68,314,.414,.384,.754,15.5,5.9,2.0,0.6,0.5,0.1,N/A,N/A,N/A,
Phil Martin,1955,1955,1,7,47,5,19,,,2,2,,10,6,,,,7,12,.263,,1.000,6.7,1.7,1.4,0.9,,,N/A,N/A,N/A,
Slater Martin,1957,1960,4,248,8333,856,2497,,,702,923,,914,1114,,,,756,2414,.343,,.761,33.6,9.7,3.7,4.5,,,N/A,N/A,N/A,
Tyrese Martin,2023,2023,1,16,66,9,23,1,7,2,2,5,12,2,1,0,2,2,21,.391,.143,1.000,4.1,1.3,0.8,0.1,0.1,0.0,N/A,N/A,N/A,
Al Masino,1953,1953,1,72,1773,134,400,,,128,204,,177,160,,,,252,396,.335,,.627,24.6,5.5,2.5,2.2,,,N/A,N/A,N/A,
Eddie Mast,1973,1973,1,42,447,50,118,,,19,30,,136,37,,,,50,119,.424,,.633,10.6,2.8,3.2,0.9,,,N/A,N/A,N/A,
Garrison Mathews,2023,2025,3,86,1328,149,329,123,278,60,72,21,118,59,31,11,27,146,481,.453,.442,.833,15.4,5.6,1.4,0.7,0.4,0.1,N/A,N/A,N/A,
Wes Matthews,1981,1990,5,152,3238,480,1085,16,64,269,338,61,225,626,179,18,308,393,1245,.442,.250,.796,21.3,8.2,1.5,4.1,1.2,0.1,N/A,N/A,N/A,
Wesley Matthews,2024,2024,1,36,413,34,97,24,69,18,24,9,53,23,16,11,8,43,110,.351,.348,.750,11.5,3.1,1.5,0.6,0.4,0.3,N/A,N/A,N/A,
Don May,1972,1973,2,107,1602,295,610,,,148,195,,284,76,,,,188,738,.484,,.759,15.0,6.9,2.7,0.7,,,N/A,N/A,N/A,
Skylar Mays,2021,2022,2,61,489,76,162,22,65,30,34,15,60,47,21,2,19,24,204,.469,.338,.882,8.0,3.3,1.0,0.8,0.3,0.0,N/A,N/A,N/A,
Travis Mays,1992,1993,2,51,819,135,323,32,90,56,84,21,55,73,21,3,54,63,358,.418,.356,.667,16.1,7.0,1.1,1.4,0.4,0.1,N/A,N/A,N/A,
Ken McBride,1955,1955,1,12,249,48,147,,,21,29,,31,14,,,,31,117,.327,,.724,20.8,9.8,2.6,1.2,,,N/A,N/A,N/A,
Johnny McCarthy,1960,1962,3,169,5235,524,1549,,,283,479,,682,828,,,,555,1331,.338,,.591,31.0,7.9,4.0,4.9,,,N/A,N/A,N/A,
Amal McCaskill,2003,2003,1,11,70,4,17,0,0,3,4,7,22,5,3,1,2,13,11,.235,,.750,6.4,1.0,2.0,0.5,0.3,0.1,N/A,N/A,N/A,
John McConathy,1952,1952,1,11,106,4,29,,,6,14,,20,8,,,,7,14,.138,,.429,9.6,1.3,1.8,0.7,,,N/A,N/A,N/A,
Bucky McConnell,1953,1953,1,14,297,27,71,,,14,29,,34,41,,,,39,68,.380,,.483,21.2,4.9,2.4,2.9,,,N/A,N/A,N/A,
Tim McCormick,1991,1991,1,56,689,93,187,0,3,66,90,56,165,32,11,14,45,91,252,.497,.000,.733,12.3,4.5,2.9,0.6,0.2,0.3,N/A,N/A,N/A,
Jelani McCoy,2005,2005,1,10,88,7,13,0,0,1,5,7,21,0,3,8,6,24,15,.538,,.200,8.8,1.5,2.1,0.0,0.3,0.8,N/A,N/A,N/A,
Jim McElroy,1980,1982,3,105,1545,196,498,4,20,114,148,36,114,188,49,17,144,151,510,.394,.200,.770,14.7,4.9,1.1,1.8,0.5,0.2,N/A,N/A,N/A,
Mike McGee,1987,1988,2,87,1537,333,729,91,248,82,143,75,175,162,66,2,111,162,839,.457,.367,.573,17.7,9.6,2.0,1.9,0.8,0.0,N/A,N/A,N/A,
Billy McGill,1965,1965,1,16,96,14,45,,,12,16,,24,6,,,,26,40,.311,,.750,6.0,2.5,1.5,0.4,,,N/A,N/A,N/A,
Tracy McGrady,2012,2012,1,52,837,101,231,15,33,56,83,23,154,110,16,15,53,35,273,.437,.455,.675,16.1,5.3,3.0,2.1,0.3,0.3,N/A,N/A,N/A,
Roshown McLeod,1999,2001,3,112,2115,337,825,5,44,136,166,90,306,124,41,14,139,196,815,.408,.114,.819,18.9,7.3,2.7,1.1,0.4,0.1,N/A,N/A,N/A,
Jack McMahon,1956,1960,5,277,8009,838,2537,,,443,726,,700,1154,,,,745,2119,.330,,.610,28.9,7.6,2.5,4.2,,,N/A,N/A,N/A,
Tom McMillen,1978,1983,6,416,8866,1445,2963,2,11,631,782,607,1816,492,149,135,545,1080,3523,.488,,.807,21.3,8.5,4.4,1.2,0.4,0.3,N/A,N/A,N/A,
Shellie McMillon,1962,1962,1,48,1035,239,508,,,88,146,,304,53,,,,165,566,.470,,.603,21.6,11.8,6.3,1.1,,,N/A,N/A,N/A,
Carl McNulty,1955,1955,1,1,14,1,6,,,0,0,,0,0,,,,1,2,.167,,,14.0,2.0,0.0,0.0,,,N/A,N/A,N/A,
Stanislav Medvedenko,2007,2007,1,14,81,12,29,1,2,17,20,4,14,2,0,2,5,16,42,.414,.500,.850,5.8,3.0,1.0,0.1,0.0,0.1,N/A,N/A,N/A,
Dick Mehen,1952,1952,1,65,2294,293,824,,,117,167,,282,171,,,,209,703,.356,,.701,35.3,10.8,4.3,2.6,,,N/A,N/A,N/A,
Dean Meminger,1975,1976,2,148,3595,388,879,,,268,415,149,365,619,172,19,,276,1044,.441,,.646,24.3,7.1,2.5,4.2,1.2,0.1,N/A,N/A,N/A,
Joe Meriweather,1977,1977,1,74,2068,319,607,,,182,255,216,596,82,41,82,,324,820,.526,,.714,27.9,11.1,8.1,1.1,0.6,1.1,N/A,N/A,N/A,
Stan Miasek,1953,1953,1,40,749,80,246,,,69,122,,161,50,,,,125,229,.325,,.566,18.7,5.7,4.0,1.3,,,N/A,N/A,N/A,
Anthony Miller,1997,2005,4,42,257,32,62,0,0,21,39,32,80,4,16,3,16,45,85,.516,,.538,6.1,2.0,1.9,0.1,0.4,0.1,N/A,N/A,N/A,
Eddie Miller,1953,1953,1,10,160,15,56,,,9,17,,60,6,,,,26,39,.268,,.529,16.0,3.9,6.0,0.6,,,N/A,N/A,N/A,
Jay Miller,1968,1968,1,8,52,8,31,,,4,7,,7,1,,,,11,20,.258,,.571,6.5,2.5,0.9,0.1,,,N/A,N/A,N/A,
Patty Mills,2024,2024,1,19,202,19,51,13,34,0,0,5,20,14,9,1,8,17,51,.373,.382,,10.6,2.7,1.1,0.7,0.5,0.1,N/A,N/A,N/A,
Paul Millsap,2014,2017,4,297,9862,1857,4015,302,901,1161,1541,602,2462,972,496,348,700,834,5177,.463,.335,.753,33.2,17.4,8.3,3.3,1.7,1.2,N/A,N/A,N/A,
Dave Minor,1953,1953,1,40,1309,120,325,,,78,106,,211,105,,,,176,318,.369,,.736,32.7,8.0,5.3,2.6,,,N/A,N/A,N/A,
Nazr Mohammed,2001,2004,4,198,4267,669,1433,0,2,307,471,487,1299,76,124,137,253,517,1645,.467,.000,.652,21.6,8.3,6.6,0.4,0.6,0.7,N/A,N/A,N/A,
Sidney Moncrief,1991,1991,1,72,1096,117,240,21,64,82,105,31,128,104,50,9,66,112,337,.488,.328,.781,15.2,4.7,1.8,1.4,0.7,0.1,N/A,N/A,N/A,
Rodney Monroe,1992,1992,1,38,313,53,144,6,27,19,23,12,33,27,12,2,23,19,131,.368,.222,.826,8.2,3.4,0.9,0.7,0.3,0.1,N/A,N/A,N/A,
Jackie Moore,1955,1955,1,1,13,1,7,,,0,0,,4,2,,,,1,2,.143,,,13.0,2.0,4.0,2.0,,,N/A,N/A,N/A,
Mikki Moore,2003,2003,1,5,31,5,12,0,0,8,10,5,7,3,0,2,2,1,18,.417,,.800,6.2,3.6,1.4,0.6,0.0,0.4,N/A,N/A,N/A,
Jaylen Morris,2018,2018,1,6,98,13,32,2,10,0,0,2,16,7,2,1,6,2,28,.406,.200,,16.3,4.7,2.7,1.2,0.3,0.2,N/A,N/A,N/A,
Randolph Morris,2009,2010,2,51,213,30,58,0,0,20,31,14,58,4,7,4,19,59,80,.517,,.645,4.2,1.6,1.1,0.1,0.1,0.1,N/A,N/A,N/A,
Red Morrison,1958,1958,1,13,79,9,26,,,3,4,,26,0,,,,12,21,.346,,.750,6.1,1.6,2.0,0.0,,,N/A,N/A,N/A,
Anthony Morrow,2013,2013,1,24,301,47,111,15,38,16,18,10,26,9,12,1,4,33,125,.423,.395,.889,12.5,5.2,1.1,0.4,0.5,0.0,N/A,N/A,N/A,
Hanno MÃ¶ttÃ¶lÃ¤,2001,2002,2,155,2360,292,661,1,16,130,166,130,442,75,31,28,137,337,715,.442,.063,.783,15.2,4.6,2.9,0.5,0.2,0.2,N/A,N/A,N/A,
Jeff Mullins,1965,1966,2,88,1079,200,505,,,70,97,,171,110,,,,128,470,.396,,.722,12.3,5.3,1.9,1.3,,,N/A,N/A,N/A,
Todd Mundt,1996,1996,1,24,118,13,32,0,0,5,8,10,25,2,1,4,3,23,31,.406,,.625,4.9,1.3,1.0,0.1,0.0,0.2,N/A,N/A,N/A,
Dejounte Murray,2023,2024,2,152,5476,1284,2782,334,941,366,452,115,805,950,223,43,361,244,3268,.462,.355,.810,36.0,21.5,5.3,6.3,1.5,0.3,N/A,N/A,N/A,
Ronald Murray,2009,2009,1,80,1975,355,795,87,242,177,233,22,168,158,88,17,128,173,974,.447,.360,.760,24.7,12.2,2.1,2.0,1.1,0.2,N/A,N/A,N/A,
Mike Muscala,2014,2018,5,243,3579,503,1025,129,341,173,204,239,758,212,93,124,157,330,1308,.491,.378,.848,14.7,5.4,3.1,0.9,0.4,0.5,N/A,N/A,N/A,
Dikembe Mutombo,1997,2001,5,343,12419,1443,2729,0,0,1209,1746,1228,4321,408,146,1094,714,1035,4095,.529,,.692,36.2,11.9,12.6,1.2,0.4,3.2,N/A,N/A,N/A,
Mamadou N'Diaye,2004,2004,1,25,359,27,68,0,0,44,59,43,111,0,8,24,17,58,98,.397,,.746,14.4,3.9,4.4,0.0,0.3,1.0,N/A,N/A,N/A,
Lee Nailon,2004,2004,1,27,300,63,138,0,0,16,19,26,63,17,10,7,24,48,142,.457,,.842,11.1,5.3,2.3,0.6,0.4,0.3,N/A,N/A,N/A,
Larry Nance Jr.,2025,2025,1,7,116,28,40,14,19,1,2,9,17,10,5,2,4,11,71,.700,.737,.500,16.6,10.1,2.4,1.4,0.7,0.3,N/A,N/A,N/A,
Howard Nathan,1996,1996,1,5,15,5,9,0,1,3,4,0,0,2,3,0,8,2,13,.556,.000,.750,3.0,2.6,0.0,0.4,0.6,0.0,N/A,N/A,N/A,
Willie Naulls,1957,1957,1,19,438,77,211,,,41,60,,167,22,,,,57,195,.365,,.683,23.1,10.3,8.8,1.2,,,N/A,N/A,N/A,
Gary Neal,2017,2017,1,2,18,0,7,0,2,4,4,0,1,1,0,0,0,1,4,.000,.000,1.000,9.0,2.0,0.5,0.5,0.0,0.0,N/A,N/A,N/A,
Ivano Newbill,1997,1997,1,72,850,40,91,0,0,20,52,76,204,24,28,15,42,115,100,.440,,.385,11.8,1.4,2.8,0.3,0.4,0.2,N/A,N/A,N/A,
Ira Newble,2002,2003,2,115,3204,362,730,33,91,145,178,166,493,144,88,46,118,291,902,.496,.363,.815,27.9,7.8,4.3,1.3,0.8,0.4,N/A,N/A,N/A,
Dave Newmark,1970,1970,1,64,612,127,296,,,59,77,,174,42,,,,128,313,.429,,.766,9.6,4.9,2.7,0.7,,,N/A,N/A,N/A,
Jack Nichols,1950,1954,4,108,2982,564,1611,,,353,486,,663,295,,,,352,1481,.350,,.726,35.5,13.7,7.4,2.7,,,N/A,N/A,N/A,
Bevo Nordmann,1963,1964,2,39,424,50,121,,,22,44,,125,12,,,,82,122,.413,,.500,10.9,3.1,3.2,0.3,,,N/A,N/A,N/A,
Ken Norman,1995,1997,3,125,2869,542,1223,137,407,85,200,151,533,169,56,39,160,239,1306,.443,.337,.425,23.0,10.4,4.3,1.4,0.4,0.3,N/A,N/A,N/A,
George Nostrand,1950,1950,1,1,,5,10,,,2,5,,,1,,,,1,12,.500,,.400,,12.0,,1.0,,,N/A,N/A,N/A,
James Nunnally,2014,2014,1,4,54,6,18,3,10,3,4,1,8,2,1,1,4,2,18,.333,.300,.750,13.5,4.5,2.0,0.5,0.3,0.3,N/A,N/A,N/A,
John O'Boyle,1953,1953,1,5,97,8,26,,,5,7,,10,5,,,,20,21,.308,,.714,19.4,4.2,2.0,1.0,,,N/A,N/A,N/A,
Grady O'Malley,1970,1970,1,24,113,21,60,,,8,19,,26,10,,,,12,50,.350,,.421,4.7,2.1,1.1,0.4,,,N/A,N/A,N/A,
Mike O'Neill,1953,1953,1,4,50,4,17,,,4,4,,9,3,,,,10,12,.235,,1.000,12.5,3.0,2.3,0.8,,,N/A,N/A,N/A,
Kevin O'Shea,1952,1952,1,43,1077,92,301,,,74,113,,122,101,,,,112,258,.306,,.655,25.0,6.0,2.8,2.3,,,N/A,N/A,N/A,
Don Ohl,1968,1970,3,173,3802,722,1628,,,288,386,,303,392,,,,438,1732,.443,,.746,22.0,10.0,1.8,2.3,,,N/A,N/A,N/A,
Onyeka Okongwu,2021,2025,5,243,5082,836,1315,31,104,382,504,561,1456,245,142,266,206,684,2085,.636,.298,.758,20.9,8.6,6.0,1.0,0.6,1.1,N/A,N/A,N/A,
Brian Oliver,1998,1998,1,5,61,7,19,0,0,1,4,3,9,2,1,0,1,4,15,.368,,.250,12.2,3.0,1.8,0.4,0.2,0.0,N/A,N/A,N/A,
Cameron Oliver,2022,2022,1,2,43,10,15,1,3,2,3,2,6,3,1,1,0,5,23,.667,.333,.667,21.5,11.5,3.0,1.5,0.5,0.5,N/A,N/A,N/A,
Don Otten,1950,1953,3,127,2110,416,1154,,,599,808,,504,212,,,,447,1431,.360,,.741,26.0,11.3,6.2,1.7,,,N/A,N/A,N/A,
Mac Otten,1950,1950,1,12,,12,34,,,15,22,,,11,,,,27,39,.353,,.682,,3.3,,0.9,,,N/A,N/A,N/A,
Red Owens,1950,1952,2,36,285,70,228,,,64,98,,31,64,,,,106,204,.307,,.653,28.5,5.7,3.1,1.8,,,N/A,N/A,N/A,
Zaza Pachulia,2006,2013,8,556,12002,1374,2918,0,16,1284,1743,1247,3216,586,386,208,780,1571,4032,.471,.000,.737,21.6,7.3,5.8,1.1,0.7,0.4,N/A,N/A,N/A,
Andy Panko,2001,2001,1,1,1,0,0,0,0,0,0,0,0,0,0,0,0,0,0,,,,1.0,0.0,0.0,0.0,0.0,0.0,N/A,N/A,N/A,
Jannero Pargo,2012,2013,2,57,784,118,291,60,158,21,22,10,80,115,23,2,54,72,317,.405,.380,.955,13.8,5.6,1.4,2.0,0.4,0.0,N/A,N/A,N/A,
Med Park,1956,1959,4,206,2885,338,923,,,288,402,,516,238,,,,329,964,.366,,.716,14.0,4.7,2.5,1.2,,,N/A,N/A,N/A,
Jabari Parker,2020,2020,1,32,837,198,393,31,115,53,72,54,191,58,42,15,60,93,480,.504,.270,.736,26.2,15.0,6.0,1.8,1.3,0.5,N/A,N/A,N/A,
Chandler Parsons,2020,2020,1,5,54,5,18,4,14,0,0,1,7,3,4,1,3,3,14,.278,.286,,10.8,2.8,1.4,0.6,0.8,0.2,N/A,N/A,N/A,
Lamar Patterson,2016,2017,2,40,435,31,95,13,55,18,25,5,57,45,10,2,27,51,93,.326,.236,.720,10.9,2.3,1.4,1.1,0.3,0.1,N/A,N/A,N/A,
Worthy Patterson,1958,1958,1,4,13,3,8,,,1,2,,2,2,,,,3,7,.375,,.500,3.3,1.8,0.5,0.5,,,N/A,N/A,N/A,
Billy Paultz,1984,1984,1,40,486,36,88,0,0,17,33,35,113,18,8,7,22,57,89,.409,,.515,12.2,2.2,2.8,0.5,0.2,0.2,N/A,N/A,N/A,
Johnny Payak,1953,1953,1,68,1470,128,373,,,180,248,,114,140,,,,194,436,.343,,.726,21.6,6.4,1.7,2.1,,,N/A,N/A,N/A,
Adreian Payne,2015,2015,1,3,19,2,7,0,1,1,2,1,4,0,1,0,0,4,5,.286,.000,.500,6.3,1.7,1.3,0.0,0.3,0.0,N/A,N/A,N/A,
Tom Payne,1972,1972,1,29,227,45,103,,,29,46,,69,15,,,,40,119,.437,,.630,7.8,4.1,2.4,0.5,,,N/A,N/A,N/A,
Sam Pellom,1980,1983,4,192,2891,346,745,0,2,163,225,240,677,95,91,151,174,462,855,.464,.000,.724,15.1,4.5,3.5,0.5,0.5,0.8,N/A,N/A,N/A,
Warren Perkins,1950,1951,2,126,,263,850,,,241,390,,319,257,,,,492,767,.309,,.618,,6.1,4.8,2.0,,,N/A,N/A,N/A,
Wesley Person,2004,2004,1,9,132,13,39,8,19,6,6,2,25,5,3,1,4,5,40,.333,.421,1.000,14.7,4.4,2.8,0.6,0.3,0.1,N/A,N/A,N/A,
Bob Peterson,1954,1954,1,4,24,2,5,,,4,5,,10,3,,,,6,8,.400,,.800,6.0,2.0,2.5,0.8,,,N/A,N/A,N/A,
Ed Peterson,1951,1951,1,36,,100,303,,,79,117,,250,58,,,,143,279,.330,,.675,,7.8,6.9,1.6,,,N/A,N/A,N/A,
Johan Petro,2013,2013,1,31,352,48,110,1,4,11,12,33,112,16,10,9,24,48,108,.436,.250,.917,11.4,3.5,3.6,0.5,0.3,0.3,N/A,N/A,N/A,
Bob Pettit,1955,1965,11,792,30690,7349,16872,,,6182,8119,,12849,2369,,,,2529,20880,.436,,.761,38.8,26.4,16.2,3.0,,,N/A,N/A,N/A,
John Pinone,1984,1984,1,7,65,7,13,0,0,6,10,0,10,3,2,1,5,11,20,.538,,.600,9.3,2.9,1.4,0.4,0.3,0.1,N/A,N/A,N/A,
Dave Piontek,1960,1961,2,54,976,122,293,,,61,111,,188,53,,,,99,305,.416,,.550,18.1,5.6,3.5,1.0,,,N/A,N/A,N/A,
Dexter Pittman,2014,2014,1,2,3,0,1,0,0,0,2,3,3,0,0,0,0,0,0,.000,,.000,1.5,0.0,1.5,0.0,0.0,0.0,N/A,N/A,N/A,
Miles Plumlee,2018,2019,2,73,1091,137,228,0,0,43,90,93,267,62,23,34,73,93,317,.601,,.478,14.9,4.3,3.7,0.8,0.3,0.5,N/A,N/A,N/A,
Josh Powell,2011,2011,1,54,653,94,208,0,1,36,45,49,135,22,5,5,53,78,224,.452,.000,.800,12.1,4.1,2.5,0.4,0.1,0.1,N/A,N/A,N/A,
Alex Poythress,2019,2019,1,21,305,40,81,9,23,18,29,29,76,17,4,10,13,47,107,.494,.391,.621,14.5,5.1,3.6,0.8,0.2,0.5,N/A,N/A,N/A,
Taurean Prince,2017,2019,3,196,4997,791,1854,332,874,321,390,97,745,387,181,88,352,405,2235,.427,.380,.823,25.5,11.4,3.8,2.0,0.9,0.4,N/A,N/A,N/A,
Joel Przybilla,2004,2004,1,12,314,18,50,0,0,12,29,31,101,4,5,17,16,48,48,.360,,.414,26.2,4.0,8.4,0.3,0.4,1.4,N/A,N/A,N/A,
Vladimir RadmanoviÄ,2012,2012,1,49,755,74,197,50,135,22,29,34,143,54,21,15,35,62,220,.376,.370,.759,15.4,4.5,2.9,1.1,0.4,0.3,N/A,N/A,N/A,
Cal Ramsey,1960,1960,1,4,35,7,19,,,3,4,,19,0,,,,4,17,.368,,.750,8.8,4.3,4.8,0.0,,,N/A,N/A,N/A,
Blair Rasmussen,1992,1993,2,103,2251,377,806,7,29,39,53,114,448,112,40,58,63,294,800,.468,.241,.736,21.9,7.8,4.3,1.1,0.4,0.6,N/A,N/A,N/A,
George Ratkovicz,1953,1955,3,139,4310,392,1096,,,429,632,,1010,366,,,,524,1213,.358,,.679,31.0,8.7,7.3,2.6,,,N/A,N/A,N/A,
Theo Ratliff,2002,2004,3,137,4248,457,988,0,0,256,372,264,1004,125,87,436,230,468,1170,.463,,.688,31.0,8.5,7.3,0.9,0.6,3.2,N/A,N/A,N/A,
Leo Rautins,1985,1985,1,4,12,0,2,0,0,0,0,1,2,3,0,0,1,3,0,.000,,,3.0,0.0,0.5,0.8,0.0,0.0,N/A,N/A,N/A,
Don Ray,1950,1950,1,61,,130,403,,,104,149,,,60,,,,147,364,.323,,.698,,6.0,,1.0,,,N/A,N/A,N/A,
Å½eljko RebraÄa,2004,2004,1,3,51,12,23,0,0,1,2,4,9,2,0,2,4,7,25,.522,,.500,17.0,8.3,3.0,0.7,0.0,0.7,N/A,N/A,N/A,
Eldridge Recasner,1997,1998,2,130,2661,354,802,120,288,125,137,67,257,211,79,5,156,191,953,.441,.417,.912,20.5,7.3,2.0,1.6,0.6,0.0,N/A,N/A,N/A,
Cam Reddish,2020,2022,3,118,3098,447,1160,174,529,240,288,77,404,160,130,48,174,245,1308,.385,.329,.833,26.3,11.1,3.4,1.4,1.1,0.4,N/A,N/A,N/A,
Hub Reed,1959,1960,2,67,967,137,320,,,53,71,,319,32,,,,173,327,.428,,.746,14.4,4.9,4.8,0.5,,,N/A,N/A,N/A,
Don Rehfeldt,1952,1952,1,29,594,79,226,,,49,57,,174,38,,,,78,207,.350,,.860,20.5,7.1,6.0,1.3,,,N/A,N/A,N/A,
John Rennicke,1952,1952,1,6,54,4,18,,,3,9,,9,1,,,,7,11,.222,,.333,9.0,1.8,1.5,0.2,,,N/A,N/A,N/A,
Jeremy Richardson,2007,2008,2,24,107,16,37,7,15,0,0,2,9,0,3,0,6,8,39,.432,.467,,4.5,1.6,0.4,0.0,0.1,0.0,N/A,N/A,N/A,
Dick Ricketts,1956,1956,1,29,777,94,301,,,55,78,,196,82,,,,115,243,.312,,.705,26.8,8.4,6.8,2.8,,,N/A,N/A,N/A,
Isaiah Rider,2000,2000,1,60,2084,449,1072,56,180,204,260,63,258,219,41,6,168,132,1158,.419,.311,.785,34.7,19.3,4.3,3.7,0.7,0.1,N/A,N/A,N/A,
Bob Riley,1971,1971,1,7,39,4,9,,,5,9,,12,1,,,,5,13,.444,,.556,5.6,1.9,1.7,0.1,,,N/A,N/A,N/A,
Zaccharie Risacher,2025,2025,1,12,322,51,137,15,61,23,37,20,48,15,13,11,14,30,140,.372,.246,.622,26.8,11.7,4.0,1.3,1.1,0.9,N/A,N/A,N/A,
Doc Rivers,1984,1991,8,568,17301,2582,5670,185,570,2008,2567,536,2000,3866,1166,276,1299,1910,7357,.455,.325,.782,30.5,13.0,3.5,6.8,2.1,0.5,N/A,N/A,N/A,
Tony Robertson,1978,1978,1,63,929,168,381,,,37,53,15,70,103,74,5,88,133,373,.441,,.698,14.7,5.9,1.1,1.6,1.2,0.1,N/A,N/A,N/A,
Glenn Robinson,2003,2003,1,69,2591,539,1248,90,263,268,306,86,457,205,91,26,248,183,1436,.432,.342,.876,37.6,20.8,6.6,3.0,1.3,0.4,N/A,N/A,N/A,
Larry Robinson,2001,2001,1,33,631,67,184,44,116,21,24,23,87,36,28,2,24,46,199,.364,.379,.875,19.1,6.0,2.6,1.1,0.8,0.1,N/A,N/A,N/A,
Rumeal Robinson,1991,1992,2,128,2894,531,1170,36,115,222,355,84,290,578,137,32,282,243,1320,.454,.313,.625,22.6,10.3,2.3,4.5,1.1,0.3,N/A,N/A,N/A,
Truck Robinson,1977,1977,1,36,1449,310,648,,,186,241,133,462,97,38,20,,130,806,.478,,.772,40.3,22.4,12.8,2.7,1.1,0.6,N/A,N/A,N/A,
David Roddy,2025,2025,1,10,188,24,43,9,21,11,13,4,39,19,6,2,12,11,68,.558,.429,.846,18.8,6.8,3.9,1.9,0.6,0.2,N/A,N/A,N/A,
Ken Rohloff,1964,1964,1,2,7,0,1,,,0,0,,0,1,,,,4,0,.000,,,3.5,0.0,0.0,0.5,,,N/A,N/A,N/A,
Phil Rollins,1961,1961,1,7,71,9,20,,,0,4,,3,11,,,,14,18,.450,,.000,10.1,2.6,0.4,1.6,,,N/A,N/A,N/A,
Tree Rollins,1978,1988,11,814,20763,2353,4445,0,3,960,1370,1902,5994,570,452,2283,922,2924,5666,.529,,.701,25.5,7.0,7.4,0.7,0.6,2.8,N/A,N/A,N/A,
Rajon Rondo,2021,2021,1,27,402,44,110,17,45,1,2,4,55,95,19,2,39,25,106,.400,.378,.500,14.9,3.9,2.0,3.5,0.7,0.1,N/A,N/A,N/A,
Sean Rooks,1996,1996,1,16,215,32,58,0,1,29,43,21,51,9,4,14,31,35,93,.552,.000,.674,13.4,5.8,3.2,0.6,0.3,0.9,N/A,N/A,N/A,
Dan Roundfield,1979,1984,6,435,14893,2878,5872,6,48,1882,2551,1542,4658,1047,449,716,1253,1603,7644,.490,,.738,34.2,17.6,10.7,2.4,1.0,1.6,N/A,N/A,N/A,
Walker Russell,1985,1985,1,21,377,34,63,1,1,14,17,8,40,66,17,4,40,37,83,.540,1.000,.824,18.0,4.0,1.9,3.1,0.8,0.2,N/A,N/A,N/A,
Pepe SÃ¡nchez,2001,2001,1,5,34,0,7,0,0,0,0,1,1,5,2,0,3,3,0,.000,,,6.8,0.0,0.2,1.0,0.4,0.0,N/A,N/A,N/A,
Jeff Sanders,1992,1993,2,21,237,30,70,0,0,11,17,21,55,15,13,4,16,31,71,.429,,.647,11.3,3.4,2.6,0.7,0.6,0.2,N/A,N/A,N/A,
Pep Saul,1955,1955,1,65,1139,96,303,,,95,123,,134,104,,,,126,287,.317,,.772,17.5,4.4,2.1,1.6,,,N/A,N/A,N/A,
Woody Sauldsberry,1961,1963,3,106,2152,333,1064,,,93,162,,643,98,,,,278,759,.313,,.574,20.3,7.2,6.1,0.9,,,N/A,N/A,N/A,
Bob Schafer,1956,1956,1,42,496,69,235,,,55,69,,58,44,,,,61,193,.294,,.797,11.8,4.6,1.4,1.0,,,N/A,N/A,N/A,
Herb Scherer,1951,1951,1,20,,24,84,,,20,35,,50,17,,,,56,68,.286,,.571,,3.4,2.5,0.9,,,N/A,N/A,N/A,
Dale Schlueter,1974,1974,1,57,547,63,135,,,38,50,54,155,45,25,22,,84,164,.467,,.760,9.6,2.9,2.7,0.8,0.4,0.4,N/A,N/A,N/A,
Dennis SchrÃ¶der,2014,2018,5,352,8341,1733,3994,315,985,764,924,145,884,1675,282,35,835,615,4545,.434,.320,.827,23.7,12.9,2.5,4.8,0.8,0.1,N/A,N/A,N/A,
Dick Schulz,1950,1950,1,8,,13,45,,,15,21,,,8,,,,12,41,.289,,.714,,5.1,,1.0,,,N/A,N/A,N/A,
Mike Scott,2013,2017,5,281,4322,765,1663,194,578,264,336,209,836,257,88,32,189,350,1988,.460,.336,.786,15.4,7.1,3.0,0.9,0.3,0.1,N/A,N/A,N/A,
Thabo Sefolosha,2015,2017,3,189,4330,466,1016,108,322,162,232,159,827,289,234,89,164,273,1202,.459,.335,.698,22.9,6.4,4.4,1.5,1.2,0.5,N/A,N/A,N/A,
Frank Selvy,1955,1958,3,103,2875,450,1236,,,451,629,,424,266,,,,256,1351,.364,,.717,27.9,13.1,4.1,2.6,,,N/A,N/A,N/A,
Chuck Share,1954,1960,7,442,10924,1383,3376,,,1517,2184,,4214,657,,,,1722,4283,.410,,.695,24.7,9.7,9.5,1.5,,,N/A,N/A,N/A,
Craig Shelton,1981,1982,2,59,607,102,225,0,1,36,60,60,141,27,19,5,61,131,240,.453,.000,.600,10.3,4.1,2.4,0.5,0.3,0.1,N/A,N/A,N/A,
Jeff Sheppard,1999,1999,1,18,185,15,39,2,7,8,13,6,22,16,3,0,7,12,40,.385,.286,.615,10.3,2.2,1.2,0.9,0.2,0.0,N/A,N/A,N/A,
Paul Shirley,2003,2003,1,2,5,0,4,0,0,0,0,0,1,0,0,0,0,0,0,.000,,,2.5,0.0,0.5,0.0,0.0,0.0,N/A,N/A,N/A,
Jordan Sibert,2019,2019,1,1,4,1,1,1,1,0,0,0,0,0,0,0,0,0,3,1.000,1.000,,4.0,3.0,0.0,0.0,0.0,0.0,N/A,N/A,N/A,
Larry Siegfried,1972,1972,1,21,335,25,77,,,20,23,,32,52,,,,32,70,.325,,.870,16.0,3.3,1.5,2.5,,,N/A,N/A,N/A,
Paul Silas,1965,1969,5,363,7904,1057,2476,,,734,1195,,3184,446,,,,850,2848,.427,,.614,21.8,7.8,8.8,1.2,,,N/A,N/A,N/A,
Dickey Simpkins,2002,2002,1,1,3,0,0,0,0,0,0,0,0,1,0,0,0,0,0,,,,3.0,0.0,0.0,1.0,0.0,0.0,N/A,N/A,N/A,
Bob Sims,1962,1962,1,46,1174,171,432,,,104,177,,156,142,,,,147,446,.396,,.588,25.5,9.7,3.4,3.1,,,N/A,N/A,N/A,
Reggie Slater,2002,2002,1,4,37,5,13,0,0,6,9,5,7,1,1,1,0,2,16,.385,,.667,9.3,4.0,1.8,0.3,0.3,0.3,N/A,N/A,N/A,
Donald Sloan,2012,2012,1,5,20,3,8,0,1,0,0,1,5,5,1,0,2,3,6,.375,.000,,4.0,1.2,1.0,1.0,0.2,0.0,N/A,N/A,N/A,
Donta Smith,2005,2006,2,61,560,59,140,8,26,39,60,22,66,48,31,5,29,70,165,.421,.308,.650,9.2,2.7,1.1,0.8,0.5,0.1,N/A,N/A,N/A,
Joe Smith,2010,2010,1,64,592,77,193,1,7,39,48,66,157,21,6,19,22,95,194,.399,.143,.813,9.3,3.0,2.5,0.3,0.1,0.3,N/A,N/A,N/A,
Josh Smith,2005,2013,9,676,23078,4030,8674,267,942,2044,3125,1409,5407,2170,857,1440,1715,1915,10371,.465,.283,.654,34.1,15.3,8.0,3.2,1.3,2.1,N/A,N/A,N/A,
Kenny Smith,1990,1990,1,33,674,98,204,4,24,55,65,7,37,142,22,1,47,45,255,.480,.167,.846,20.4,7.7,1.1,4.3,0.7,0.0,N/A,N/A,N/A,
Leon Smith,2002,2002,1,14,100,10,26,0,0,11,17,10,31,3,5,1,3,12,31,.385,,.647,7.1,2.2,2.2,0.2,0.4,0.1,N/A,N/A,N/A,
Randy Smith,1983,1983,1,15,142,29,66,0,2,13,14,2,8,14,2,0,9,17,71,.439,.000,.929,9.5,4.7,0.5,0.9,0.1,0.0,N/A,N/A,N/A,
Steve Smith,1995,1999,5,339,12448,2108,4905,549,1630,1526,1807,497,1294,1206,301,112,753,915,6291,.430,.337,.844,36.7,18.6,3.8,3.6,0.9,0.3,N/A,N/A,N/A,
Tony Smith,2001,2001,1,6,78,8,23,0,2,1,2,2,3,10,7,0,9,12,17,.348,.000,.500,13.0,2.8,0.5,1.7,1.2,0.0,N/A,N/A,N/A,
Tony Snell,2021,2021,1,47,992,88,171,62,109,11,11,18,112,59,13,11,21,75,249,.515,.569,1.000,21.1,5.3,2.4,1.3,0.3,0.2,N/A,N/A,N/A,
Dick Snyder,1967,1968,2,130,2298,401,946,,,175,228,,285,223,,,,297,977,.424,,.768,17.7,7.5,2.2,1.7,,,N/A,N/A,N/A,
Mike Sojourner,1975,1977,3,191,4282,721,1502,,,216,322,371,1237,172,88,106,,457,1658,.480,,.671,22.4,8.7,6.5,0.9,0.5,0.6,N/A,N/A,N/A,
Rory Sparrow,1982,1983,2,131,4158,630,1242,4,30,208,261,92,365,662,157,14,271,402,1472,.507,.133,.797,31.7,11.2,2.8,5.1,1.2,0.1,N/A,N/A,N/A,
Odie Spears,1957,1957,1,7,97,10,31,,,15,18,,12,6,,,,22,35,.323,,.833,13.9,5.0,1.7,0.9,,,N/A,N/A,N/A,
Omari Spellman,2019,2019,1,46,805,98,244,44,128,32,45,72,194,47,26,25,31,67,272,.402,.344,.711,17.5,5.9,4.2,1.0,0.6,0.5,N/A,N/A,N/A,
Andre Spencer,1993,1993,1,3,15,0,3,0,0,0,0,0,1,0,2,0,2,3,0,.000,,,5.0,0.0,0.3,0.0,0.7,0.0,N/A,N/A,N/A,
Tiago Splitter,2016,2016,1,36,579,81,155,0,2,39,48,45,120,30,20,12,24,71,201,.523,.000,.813,16.1,5.6,3.3,0.8,0.6,0.3,N/A,N/A,N/A,
Jerry Stackhouse,2012,2012,1,30,273,37,100,13,38,21,23,6,23,14,10,3,13,12,108,.370,.342,.913,9.1,3.6,0.8,0.5,0.3,0.1,N/A,N/A,N/A,
Jack Stephens,1956,1956,1,72,2219,248,643,,,247,357,,377,207,,,,144,743,.386,,.692,30.8,10.3,5.2,2.9,,,N/A,N/A,N/A,
Lance Stephenson,2022,2022,1,6,70,5,13,0,3,1,2,1,15,11,0,0,4,8,11,.385,.000,.500,11.7,1.8,2.5,1.8,0.0,0.0,N/A,N/A,N/A,
DeShawn Stevenson,2013,2013,1,56,1158,98,262,76,209,12,23,18,122,52,29,6,23,69,284,.374,.364,.522,20.7,5.1,2.2,0.9,0.5,0.1,N/A,N/A,N/A,
Michael Stewart,2005,2005,1,12,145,11,21,0,0,3,7,21,40,5,6,5,6,32,25,.524,,.429,12.1,2.1,3.3,0.4,0.5,0.4,N/A,N/A,N/A,
Norm Stewart,1957,1957,1,5,37,4,15,,,2,6,,5,2,,,,9,10,.267,,.333,7.4,2.0,1.0,0.4,,,N/A,N/A,N/A,
Alex Stivrins,1993,1993,1,5,15,4,9,0,1,0,0,2,5,0,0,1,0,0,8,.444,.000,,3.0,1.6,1.0,0.0,0.0,0.2,N/A,N/A,N/A,
Salim Stoudamire,2006,2008,3,157,2672,446,1097,167,456,201,228,22,214,164,55,10,158,240,1260,.407,.366,.882,17.0,8.0,1.4,1.0,0.4,0.1,N/A,N/A,N/A,
Mark Strickland,2002,2002,1,46,654,91,204,1,4,25,44,41,131,20,19,17,28,48,208,.446,.250,.568,14.2,4.5,2.8,0.4,0.4,0.4,N/A,N/A,N/A,
Don Sunderlage,1954,1954,1,68,2232,254,748,,,252,337,,225,187,,,,263,760,.340,,.748,32.8,11.2,3.3,2.8,,,N/A,N/A,N/A,
Bob Sura,2004,2004,1,27,956,131,312,12,43,123,157,70,223,144,25,5,66,72,397,.420,.279,.783,35.4,14.7,8.3,5.3,0.9,0.2,N/A,N/A,N/A,
Dick Surhoff,1954,1954,1,32,358,43,129,,,47,62,,69,23,,,,53,133,.333,,.758,11.2,4.2,2.2,0.7,,,N/A,N/A,N/A,
Pape Sy,2011,2011,1,3,21,2,6,0,1,3,3,2,3,2,1,0,3,1,7,.333,.000,1.000,7.0,2.3,1.0,0.7,0.3,0.0,N/A,N/A,N/A,
Edy Tavares,2016,2017,2,12,77,12,20,0,0,3,10,7,22,3,1,6,5,8,27,.600,,.300,6.4,2.3,1.8,0.3,0.1,0.5,N/A,N/A,N/A,
Isaiah Taylor,2018,2018,1,67,1167,163,390,20,80,99,141,22,94,206,34,10,84,116,445,.418,.250,.702,17.4,6.6,1.4,3.1,0.5,0.1,N/A,N/A,N/A,
Jeff Teague,2010,2020,8,543,14037,2348,5257,430,1214,1358,1617,171,1168,2771,632,179,1173,990,6484,.447,.354,.840,25.9,11.9,2.2,5.1,1.2,0.3,N/A,N/A,N/A,
Claude Terry,1977,1978,2,39,407,72,155,,,27,32,11,33,32,15,1,8,35,171,.465,,.844,10.4,4.4,0.8,0.8,0.4,0.0,N/A,N/A,N/A,
Jason Terry,2000,2004,5,403,14043,2356,5523,648,1767,1174,1390,192,1320,2230,588,65,1054,860,6534,.427,.367,.845,34.8,16.2,3.3,5.5,1.5,0.2,N/A,N/A,N/A,
Reggie Theus,1989,1989,1,82,2517,497,1067,17,58,285,335,86,242,387,108,16,194,236,1296,.466,.293,.851,30.7,15.8,3.0,4.7,1.3,0.2,N/A,N/A,N/A,
Etan Thomas,2011,2011,1,13,82,10,21,0,0,12,15,6,23,2,1,4,5,11,32,.476,,.800,6.3,2.5,1.8,0.2,0.1,0.3,N/A,N/A,N/A,
James Thomas,2005,2005,1,2,5,1,2,0,0,0,0,2,2,0,0,0,0,1,2,.500,,,2.5,1.0,1.0,0.0,0.0,0.0,N/A,N/A,N/A,
John Thomas,2006,2006,1,11,66,3,7,0,0,3,4,3,10,1,2,0,4,10,9,.429,,.750,6.0,0.8,0.9,0.1,0.2,0.0,N/A,N/A,N/A,
Dijon Thompson,2007,2007,1,6,50,6,15,0,2,5,6,3,8,2,0,0,1,2,17,.400,.000,.833,8.3,2.8,1.3,0.3,0.0,0.0,N/A,N/A,N/A,
Rod Thorn,1966,1967,2,113,2090,396,909,,,203,285,,269,199,,,,165,995,.436,,.712,18.5,8.8,2.4,1.8,,,N/A,N/A,N/A,
Mike Todorovich,1950,1951,2,117,,453,1451,,,442,615,,455,367,,,,380,1348,.312,,.719,,11.5,6.9,3.1,,,N/A,N/A,N/A,
Ray Tolbert,1989,1989,1,50,341,40,94,0,0,23,37,31,88,16,13,13,35,55,103,.426,,.622,6.8,2.1,1.8,0.3,0.3,0.3,N/A,N/A,N/A,
Anthony Tolliver,2013,2013,1,62,963,82,216,45,133,44,51,31,155,32,15,12,36,66,253,.380,.338,.863,15.5,4.1,2.5,0.5,0.2,0.2,N/A,N/A,N/A,
Sedric Toney,1986,1990,2,35,310,32,79,7,13,22,26,3,16,52,11,0,24,41,93,.405,.538,.846,8.9,2.7,0.5,1.5,0.3,0.0,N/A,N/A,N/A,
Gene Tormohlen,1963,1970,6,271,3223,515,1253,,,161,278,,1122,257,,,,551,1191,.411,,.579,11.9,4.4,4.1,0.9,,,N/A,N/A,N/A,
Bill Tosheff,1954,1954,1,71,1825,168,578,,,156,210,,163,196,,,,207,492,.291,,.743,25.7,6.9,2.3,2.8,,,N/A,N/A,N/A,
George Trapp,1972,1973,2,137,2743,503,1212,,,255,333,,638,178,,,,418,1261,.415,,.766,20.0,9.2,4.7,1.3,,,N/A,N/A,N/A,
John Tresvant,1965,1966,2,19,248,41,89,,,33,41,,103,16,,,,52,115,.461,,.805,13.1,6.1,5.4,0.8,,,N/A,N/A,N/A,
John Tschogl,1973,1974,2,74,593,73,206,,,12,21,33,97,39,17,20,,94,158,.354,,.571,8.0,2.1,1.3,0.5,0.3,0.3,N/A,N/A,N/A,
Evan Turner,2020,2020,1,19,251,25,67,0,5,12,14,8,38,38,9,8,26,20,62,.373,.000,.857,13.2,3.3,2.0,2.0,0.5,0.4,N/A,N/A,N/A,
Jeremy Tyler,2013,2013,1,1,5,0,0,0,0,0,0,0,3,0,0,0,0,0,0,,,,5.0,0.0,3.0,0.0,0.0,0.0,N/A,N/A,N/A,
John Vallely,1971,1972,2,60,540,93,247,,,58,79,,45,56,,,,63,244,.377,,.734,9.0,4.1,0.8,0.9,,,N/A,N/A,N/A,
Tom Van Arsdale,1975,1976,2,148,4596,890,2054,,,420,549,105,435,353,135,10,,433,2200,.433,,.765,31.1,14.9,2.9,2.4,0.9,0.1,N/A,N/A,N/A,
Gene Vance,1950,1952,3,71,118,163,465,,,142,201,,109,187,,,,261,468,.351,,.706,16.9,6.6,3.0,2.6,,,N/A,N/A,N/A,
Chico Vaughn,1963,1966,4,239,5595,949,2249,,,523,713,,603,574,,,,598,2421,.422,,.734,23.4,10.1,2.5,2.4,,,N/A,N/A,N/A,
Jacque Vaughn,2002,2004,2,153,3127,313,715,27,74,157,194,30,284,544,109,4,196,309,810,.438,.365,.809,20.4,5.3,1.9,3.6,0.7,0.0,N/A,N/A,N/A,
Fred Vinson,1995,1995,1,5,27,1,7,1,6,1,1,0,0,1,0,0,2,4,4,.143,.167,1.000,5.4,0.8,0.0,0.2,0.0,0.0,N/A,N/A,N/A,
Alexander Volkov,1990,1992,2,149,2453,388,853,48,144,195,318,155,384,333,102,52,154,344,1019,.455,.333,.613,16.5,6.8,2.6,2.2,0.7,0.3,N/A,N/A,N/A,
Whitey Von Nieda,1950,1950,1,26,,40,116,,,29,46,,,36,,,,48,109,.345,,.630,,4.2,,1.4,,,N/A,N/A,N/A,
Antoine Walker,2005,2005,1,53,2128,420,1013,85,268,157,294,126,497,194,64,32,183,147,1082,.415,.317,.534,40.2,20.4,9.4,3.7,1.2,0.6,N/A,N/A,N/A,
Keaton Wallace,2025,2025,1,10,163,22,51,8,23,4,4,1,14,18,8,5,11,10,56,.431,.348,1.000,16.3,5.6,1.4,1.8,0.8,0.5,N/A,N/A,N/A,
Rasheed Wallace,2004,2004,1,1,42,8,24,1,6,3,3,1,6,2,1,5,3,0,20,.333,.167,1.000,42.0,20.0,6.0,2.0,1.0,5.0,N/A,N/A,N/A,
Tyrone Wallace,2020,2020,1,14,160,14,44,1,15,11,17,3,22,13,7,1,10,19,40,.318,.067,.647,11.4,2.9,1.6,0.9,0.5,0.1,N/A,N/A,N/A,
Dwight Waller,1969,1969,1,11,29,2,9,,,3,7,,10,1,,,,8,7,.222,,.429,2.6,0.6,0.9,0.1,,,N/A,N/A,N/A,
Isaac Walthour,1954,1954,1,4,30,1,6,,,0,0,,1,2,,,,6,2,.167,,,7.5,0.5,0.3,0.5,,,N/A,N/A,N/A,
Gerry Ward,1964,1964,1,24,139,16,53,,,11,17,,21,21,,,,26,43,.302,,.647,5.8,1.8,0.9,0.9,,,N/A,N/A,N/A,
Chris Washburn,1988,1988,1,29,174,22,49,0,0,13,23,19,55,3,4,8,10,19,57,.449,,.565,6.0,2.0,1.9,0.1,0.1,0.3,N/A,N/A,N/A,
Jim Washington,1966,1975,5,318,9777,1202,2706,,,607,851,259,2683,562,72,87,,980,3011,.444,,.713,30.7,9.5,8.4,1.8,0.6,0.8,N/A,N/A,N/A,
Bobby Watson,1955,1955,1,13,156,10,50,,,9,10,,23,17,,,,11,29,.200,,.900,12.0,2.2,1.8,1.3,,,N/A,N/A,N/A,
Paul Watson,2020,2020,1,2,17,0,7,0,3,0,0,0,2,3,1,0,0,1,0,.000,.000,,8.5,0.0,1.0,1.5,0.5,0.0,N/A,N/A,N/A,
Spud Webb,1986,1996,7,483,9525,1351,2907,78,302,922,1110,168,887,2159,499,45,781,891,3702,.465,.258,.831,19.7,7.7,1.8,4.5,1.0,0.1,N/A,N/A,N/A,
Mario West,2008,2010,3,156,680,47,104,1,6,37,66,58,131,41,38,8,29,121,132,.452,.167,.561,4.4,0.8,0.8,0.3,0.2,0.1,N/A,N/A,N/A,
Mark West,1999,1999,1,49,499,22,59,0,0,16,45,49,125,13,4,22,17,81,60,.373,,.356,10.2,1.2,2.6,0.3,0.1,0.4,N/A,N/A,N/A,
John Wetzel,1973,1975,3,161,2521,236,550,,,123,151,73,342,254,124,27,,296,595,.429,,.815,15.7,3.7,2.1,1.6,0.9,0.2,N/A,N/A,N/A,
Ennis Whatley,1988,1995,3,114,1320,148,298,2,14,75,102,31,133,237,80,2,101,133,373,.497,.143,.735,11.6,3.3,1.2,2.1,0.7,0.0,N/A,N/A,N/A,
Andrew White,2018,2018,1,15,209,25,73,18,49,1,4,4,34,6,3,1,8,12,69,.342,.367,.250,13.9,4.6,2.3,0.4,0.2,0.1,N/A,N/A,N/A,
Herb White,1971,1971,1,38,315,34,84,,,22,39,,48,47,,,,62,90,.405,,.564,8.3,2.4,1.3,1.2,,,N/A,N/A,N/A,
Donald Whiteside,1998,1998,1,3,16,1,2,0,1,0,2,0,1,1,0,0,1,0,2,.500,.000,.000,5.3,0.7,0.3,0.3,0.0,0.0,N/A,N/A,N/A,
Murray Wier,1950,1950,1,56,,157,480,,,115,166,,,107,,,,141,429,.327,,.693,,7.7,,1.9,,,N/A,N/A,N/A,
Morlon Wiley,1992,1995,3,71,1138,100,247,30,93,26,38,31,112,253,70,6,85,122,256,.405,.323,.684,16.0,3.6,1.6,3.6,1.0,0.1,N/A,N/A,N/A,
Win Wilfong,1958,1959,2,134,2101,295,828,,,225,320,,411,213,,,,301,815,.356,,.703,15.7,6.1,3.1,1.6,,,N/A,N/A,N/A,
Lenny Wilkens,1961,1968,8,555,19552,2979,7073,,,2633,3478,,2741,3049,,,,1887,8591,.421,,.757,35.2,15.5,4.9,5.5,,,N/A,N/A,N/A,
Damien Wilkins,2011,2011,1,52,676,69,137,2,10,40,56,23,90,41,27,9,21,72,180,.504,.200,.714,13.0,3.5,1.7,0.8,0.5,0.2,N/A,N/A,N/A,
Dominique Wilkins,1983,1994,12,882,32545,8752,18743,500,1587,5288,6506,2531,6119,2321,1245,588,2286,1773,23292,.467,.315,.813,36.9,26.4,6.9,2.6,1.4,0.7,N/A,N/A,N/A,
Mike Wilks,2003,2003,1,15,364,29,81,6,17,21,29,9,41,42,16,1,16,38,85,.358,.353,.724,24.3,5.7,2.7,2.8,1.1,0.1,N/A,N/A,N/A,
Brandon Williams,2003,2003,1,6,19,1,7,0,1,0,0,2,2,0,2,0,3,4,2,.143,.000,,3.2,0.3,0.3,0.0,0.3,0.0,N/A,N/A,N/A,
Donovan Williams,2023,2023,1,2,4,2,5,0,2,0,0,0,2,0,0,0,0,0,4,.400,.000,,2.0,2.0,1.0,0.0,0.0,0.0,N/A,N/A,N/A,
Freeman Williams,1982,1982,1,23,189,42,110,4,20,22,26,2,12,19,6,0,18,18,110,.382,.200,.846,8.2,4.8,0.5,0.8,0.3,0.0,N/A,N/A,N/A,
Gus Williams,1987,1987,1,33,481,53,146,5,18,27,40,8,40,139,17,5,54,53,138,.363,.278,.675,14.6,4.2,1.2,4.2,0.5,0.2,N/A,N/A,N/A,
Lou Williams,2013,2022,4,179,3868,593,1472,212,583,371,432,40,341,535,125,19,251,188,1769,.403,.364,.859,21.6,9.9,1.9,3.0,0.7,0.1,N/A,N/A,N/A,
Marvin Williams,2006,2012,7,487,14822,2001,4448,215,654,1399,1735,685,2582,654,385,213,580,1118,5616,.450,.329,.806,30.4,11.5,5.3,1.3,0.8,0.4,N/A,N/A,N/A,
Mike Williams,1990,1990,1,5,14,0,4,0,0,0,0,0,1,0,0,0,0,2,0,.000,,,2.8,0.0,0.2,0.0,0.0,0.0,N/A,N/A,N/A,
Milt Williams,1972,1972,1,10,127,23,53,,,21,29,,4,20,,,,18,67,.434,,.724,12.7,6.7,0.4,2.0,,,N/A,N/A,N/A,
Ray Williams,1986,1986,1,19,367,57,143,4,11,41,48,19,45,67,28,1,41,48,159,.399,.364,.854,19.3,8.4,2.4,3.5,1.5,0.1,N/A,N/A,N/A,
Shammond Williams,1999,1999,1,2,4,0,1,0,0,3,4,0,0,1,0,0,0,0,3,.000,,.750,2.0,1.5,0.0,0.5,0.0,0.0,N/A,N/A,N/A,
Shelden Williams,2007,2008,2,117,1928,203,465,2,5,145,195,165,542,55,65,50,110,259,553,.437,.400,.744,16.5,4.7,4.6,0.5,0.6,0.4,N/A,N/A,N/A,
Sly Williams,1984,1985,2,47,1125,201,494,5,24,115,169,64,218,110,42,9,96,116,522,.407,.208,.680,23.9,11.1,4.6,2.3,0.9,0.2,N/A,N/A,N/A,
Kevin Willis,1985,2005,11,753,22588,4382,8707,31,131,1787,2570,2615,7332,827,581,425,1509,2364,10582,.503,.237,.695,30.0,14.1,9.7,1.1,0.8,0.6,N/A,N/A,N/A,
Bill Willoughby,1976,1977,2,101,1419,188,453,,,109,163,168,458,44,56,52,,151,485,.415,,.669,14.0,4.8,4.5,0.4,0.6,0.5,N/A,N/A,N/A,
Bob Wilson,1952,1952,1,63,1308,79,264,,,78,135,,210,108,,,,172,236,.299,,.578,20.8,3.7,3.3,1.7,,,N/A,N/A,N/A,
Michael Wilson,1987,1987,1,2,2,0,2,0,0,0,0,0,0,1,0,0,1,1,0,.000,,,1.0,0.0,0.0,0.5,0.0,0.0,N/A,N/A,N/A,
Rick Wilson,1979,1980,2,66,648,83,211,0,0,28,50,22,79,83,34,9,49,69,194,.393,,.560,9.8,2.9,1.2,1.3,0.5,0.1,N/A,N/A,N/A,
Trevor Wilson,1991,1991,1,25,162,21,70,0,2,13,26,16,40,11,5,1,17,13,55,.300,.000,.500,6.5,2.2,1.6,0.4,0.2,0.0,N/A,N/A,N/A,
Dylan Windler,2024,2024,1,6,73,10,19,8,17,0,0,3,12,3,2,0,2,3,28,.526,.471,,12.2,4.7,2.0,0.5,0.3,0.0,N/A,N/A,N/A,
Randy Wittman,1984,1988,5,353,9460,1588,3130,13,40,333,438,150,608,1015,215,55,373,482,3522,.507,.325,.760,26.8,10.0,1.7,2.9,0.6,0.2,N/A,N/A,N/A,
Al Wood,1982,1982,1,19,238,36,105,0,6,20,28,22,44,11,9,1,11,34,92,.343,.000,.714,12.5,4.8,2.3,0.6,0.5,0.1,N/A,N/A,N/A,
Leon Wood,1988,1988,1,14,79,16,30,9,19,7,8,1,6,19,4,0,5,6,48,.533,.474,.875,5.6,3.4,0.4,1.4,0.3,0.0,N/A,N/A,N/A,
Haywoode Workman,1990,1990,1,6,16,2,3,0,0,2,2,0,3,2,3,0,0,3,6,.667,,1.000,2.7,1.0,0.5,0.3,0.5,0.0,N/A,N/A,N/A,
Mark Workman,1953,1953,1,5,29,5,17,,,1,2,,6,1,,,,7,11,.294,,.500,5.8,2.2,1.2,0.2,,,N/A,N/A,N/A,
Tom Workman,1968,1968,1,19,85,19,38,,,17,22,,24,3,,,,14,55,.500,,.773,4.5,2.9,1.3,0.2,,,N/A,N/A,N/A,
Delon Wright,2022,2022,1,77,1452,122,269,44,116,54,63,50,220,188,93,19,45,56,342,.454,.379,.857,18.9,4.4,2.9,2.4,1.2,0.2,N/A,N/A,N/A,
Howard Wright,1991,1991,1,4,20,2,3,0,0,1,1,1,6,0,0,0,2,3,5,.667,,1.000,5.0,1.3,1.5,0.0,0.0,0.0,N/A,N/A,N/A,
Lorenzen Wright,2000,2008,4,226,4376,630,1372,1,5,254,389,389,1093,151,102,134,232,665,1515,.459,.200,.653,19.4,6.7,4.8,0.7,0.5,0.6,N/A,N/A,N/A,
Trae Young,2019,2025,7,418,14285,3379,7764,1093,3088,2791,3196,274,1497,3995,428,64,1746,717,10642,.435,.354,.873,34.2,25.5,3.6,9.6,1.0,0.2,N/A,N/A,N/A,
Max Zaslofsky,1954,1954,1,9,299,47,138,,,42,59,,28,23,,,,17,136,.341,,.712,33.2,15.1,3.1,2.6,,,N/A,N/A,N/A,
Tyler Zeller,2019,2019,1,2,11,0,2,0,1,0,0,2,6,1,0,0,0,4,0,.000,.000,,5.5,0.0,3.0,0.5,0.0,0.0,N/A,N/A,N/A,
